Date,Bitcoin
2014-10-01,2.0
2014-10-02,1.619047619047619
2014-10-03,1.8095238095238098
2014-10-04,2.2857142857142856
2014-10-05,3.1904761904761907
2014-10-06,3.1904761904761907
2014-10-07,2.666666666666667
2014-10-08,2.3333333333333335
2014-10-09,2.0952380952380953
2014-10-10,1.8571428571428572
2014-10-11,1.619047619047619
2014-10-12,1.4761904761904763
2014-10-13,1.9047619047619047
2014-10-14,2.1904761904761907
2014-10-15,1.9523809523809526
2014-10-16,1.8571428571428572
2014-10-17,1.5714285714285716
2014-10-18,1.3333333333333335
2014-10-19,1.5714285714285716
2014-10-20,1.380952380952381
2014-10-21,1.5238095238095237
2014-10-22,1.4285714285714288
2014-10-23,1.3333333333333335
2014-10-24,1.1904761904761907
2014-10-25,1.1904761904761907
2014-10-26,1.0
2014-10-27,0.8571428571428572
2014-10-28,1.047619047619048
2014-10-29,1.4285714285714288
2014-10-30,1.3333333333333335
2014-10-31,0.9047619047619051
2014-11-01,3.0
2014-11-02,3.0
2014-11-03,3.75
2014-11-04,3.75
2014-11-05,3.75
2014-11-06,6.75
2014-11-07,8.5
2014-11-08,6.5
2014-11-09,7.5
2014-11-10,6.25
2014-11-11,9.75
2014-11-12,12.0
2014-11-13,12.5
2014-11-14,8.75
2014-11-15,4.25
2014-11-16,5.25
2014-11-17,8.0
2014-11-18,9.0
2014-11-19,4.5
2014-11-20,5.0
2014-11-21,3.0
2014-11-22,2.5
2014-11-23,5.75
2014-11-24,4.0
2014-11-25,3.75
2014-11-26,2.25
2014-11-27,4.0
2014-11-28,3.75
2014-11-29,3.75
2014-11-30,2.75
2014-12-01,3.0
2014-12-02,3.0
2014-12-03,3.0
2014-12-04,3.0
2014-12-05,3.0
2014-12-06,3.0
2014-12-07,3.0
2014-12-08,3.0
2014-12-09,3.0
2014-12-10,3.0
2014-12-11,3.0
2014-12-12,3.0
2014-12-13,3.0
2014-12-14,3.0
2014-12-15,3.0
2014-12-16,3.0
2014-12-17,3.0
2014-12-18,3.0
2014-12-19,3.0
2014-12-20,3.0
2014-12-21,3.0
2014-12-22,3.0
2014-12-23,3.0
2014-12-24,3.0
2014-12-25,3.0
2014-12-26,3.0
2014-12-27,3.0
2014-12-28,3.0
2014-12-29,3.0
2014-12-30,3.0
2014-12-31,3.0
2015-01-01,2.0
2015-01-02,1.666666666666666
2015-01-03,0.0
2015-01-04,0.0
2015-01-05,0.0
2015-01-06,0.0
2015-01-07,0.0
2015-01-08,0.0
2015-01-09,0.0
2015-01-10,0.0
2015-01-11,0.0
2015-01-12,0.6666666666666661
2015-01-13,0.0
2015-01-14,0.0
2015-01-15,0.0
2015-01-16,0.0
2015-01-17,0.0
2015-01-18,0.0
2015-01-19,0.0
2015-01-20,0.0
2015-01-21,0.0
2015-01-22,0.0
2015-01-23,0.0
2015-01-24,0.0
2015-01-25,0.33333333333333215
2015-01-26,0.0
2015-01-27,0.0
2015-01-28,0.0
2015-01-29,0.0
2015-01-30,0.0
2015-01-31,1.666666666666666
2015-02-01,2.0
2015-02-02,2.0
2015-02-03,2.0
2015-02-04,2.0
2015-02-05,2.0
2015-02-06,2.0
2015-02-07,2.0
2015-02-08,2.0
2015-02-09,2.0
2015-02-10,2.0
2015-02-11,2.0
2015-02-12,2.0
2015-02-13,2.0
2015-02-14,2.0
2015-02-15,2.0
2015-02-16,2.0
2015-02-17,2.0
2015-02-18,2.0
2015-02-19,2.0
2015-02-20,2.0
2015-02-21,2.0
2015-02-22,2.0
2015-02-23,2.0
2015-02-24,2.0
2015-02-25,2.0
2015-02-26,2.0
2015-02-27,2.0
2015-02-28,2.0
2015-03-01,2.0
2015-03-02,2.0
2015-03-03,2.0
2015-03-04,2.0
2015-03-05,2.0
2015-03-06,2.0
2015-03-07,2.0
2015-03-08,2.0
2015-03-09,2.0
2015-03-10,2.0
2015-03-11,2.0
2015-03-12,2.0
2015-03-13,2.0
2015-03-14,2.0
2015-03-15,2.0
2015-03-16,2.0
2015-03-17,2.0
2015-03-18,2.0
2015-03-19,2.0
2015-03-20,2.0
2015-03-21,2.0
2015-03-22,2.0
2015-03-23,2.0
2015-03-24,2.0
2015-03-25,2.0
2015-03-26,2.0
2015-03-27,2.0
2015-03-28,2.0
2015-03-29,2.0
2015-03-30,2.0
2015-03-31,2.0
2015-04-01,2.0
2015-04-02,2.0
2015-04-03,2.0
2015-04-04,2.0
2015-04-05,2.0
2015-04-06,2.0
2015-04-07,2.0
2015-04-08,2.0
2015-04-09,2.0
2015-04-10,2.0
2015-04-11,2.0
2015-04-12,2.0
2015-04-13,2.0
2015-04-14,2.0
2015-04-15,2.0
2015-04-16,2.0
2015-04-17,2.0
2015-04-18,2.0
2015-04-19,2.0
2015-04-20,2.0
2015-04-21,2.0
2015-04-22,2.0
2015-04-23,2.0
2015-04-24,2.0
2015-04-25,2.0
2015-04-26,2.0
2015-04-27,2.0
2015-04-28,2.0
2015-04-29,2.0
2015-04-30,2.0
2015-05-01,2.0
2015-05-02,2.0
2015-05-03,2.0
2015-05-04,2.0
2015-05-05,2.0
2015-05-06,2.0
2015-05-07,2.0
2015-05-08,2.0
2015-05-09,2.0
2015-05-10,2.0
2015-05-11,2.0
2015-05-12,2.0
2015-05-13,2.0
2015-05-14,2.0
2015-05-15,2.0
2015-05-16,2.0
2015-05-17,2.0
2015-05-18,2.0
2015-05-19,2.0
2015-05-20,2.0
2015-05-21,2.0
2015-05-22,2.0
2015-05-23,2.0
2015-05-24,2.0
2015-05-25,2.0
2015-05-26,2.0
2015-05-27,2.0
2015-05-28,2.0
2015-05-29,2.0
2015-05-30,2.0
2015-05-31,2.0
2015-06-01,3.0
2015-06-02,2.7777777777777777
2015-06-03,3.1111111111111107
2015-06-04,3.0
2015-06-05,2.6666666666666665
2015-06-06,2.5555555555555554
2015-06-07,2.444444444444444
2015-06-08,2.5555555555555554
2015-06-09,2.5555555555555554
2015-06-10,2.5555555555555554
2015-06-11,2.7777777777777777
2015-06-12,2.7777777777777777
2015-06-13,2.111111111111111
2015-06-14,2.2222222222222223
2015-06-15,2.444444444444444
2015-06-16,2.888888888888889
2015-06-17,3.1111111111111107
2015-06-18,11.11111111111111
2015-06-19,4.111111111111111
2015-06-20,4.0
2015-06-21,3.222222222222222
2015-06-22,2.888888888888889
2015-06-23,2.7777777777777777
2015-06-24,3.0
2015-06-25,4.0
2015-06-26,2.7777777777777777
2015-06-27,3.444444444444444
2015-06-28,3.222222222222222
2015-06-29,3.6666666666666665
2015-06-30,4.111111111111111
2015-07-01,2.0
2015-07-02,2.7058823529411757
2015-07-03,2.941176470588235
2015-07-04,1.8235294117647056
2015-07-05,2.7058823529411757
2015-07-06,1.7647058823529411
2015-07-07,2.0
2015-07-08,1.3529411764705879
2015-07-09,2.352941176470588
2015-07-10,1.5294117647058822
2015-07-11,2.352941176470588
2015-07-12,1.0
2015-07-13,2.0
2015-07-14,2.6470588235294112
2015-07-15,2.117647058823529
2015-07-16,2.9999999999999996
2015-07-17,3.0588235294117645
2015-07-18,2.764705882352941
2015-07-19,3.0588235294117645
2015-07-20,2.9999999999999996
2015-07-21,3.294117647058823
2015-07-22,2.9999999999999996
2015-07-23,2.8235294117647056
2015-07-24,3.2352941176470584
2015-07-25,3.2352941176470584
2015-07-26,2.764705882352941
2015-07-27,2.6470588235294112
2015-07-28,2.5882352941176467
2015-07-29,3.1764705882352935
2015-07-30,3.4705882352941173
2015-07-31,3.294117647058823
2015-08-01,2.0
2015-08-02,2.0
2015-08-03,2.0
2015-08-04,2.0
2015-08-05,2.0
2015-08-06,2.0
2015-08-07,2.0
2015-08-08,2.0
2015-08-09,2.0
2015-08-10,2.0
2015-08-11,2.0
2015-08-12,2.0
2015-08-13,2.0
2015-08-14,2.0
2015-08-15,2.0
2015-08-16,2.0
2015-08-17,2.0
2015-08-18,2.0
2015-08-19,2.0
2015-08-20,2.0
2015-08-21,2.0
2015-08-22,2.0
2015-08-23,2.0
2015-08-24,2.0
2015-08-25,2.0
2015-08-26,2.0
2015-08-27,2.0
2015-08-28,2.0
2015-08-29,2.0
2015-08-30,2.0
2015-08-31,2.0
2015-09-01,2.0
2015-09-02,2.0
2015-09-03,2.0
2015-09-04,2.0
2015-09-05,2.0
2015-09-06,2.0
2015-09-07,2.0
2015-09-08,2.0
2015-09-09,2.0
2015-09-10,2.0
2015-09-11,2.0
2015-09-12,2.0
2015-09-13,2.0
2015-09-14,2.0
2015-09-15,2.0
2015-09-16,2.0
2015-09-17,2.0
2015-09-18,2.0
2015-09-19,2.0
2015-09-20,2.0
2015-09-21,2.0
2015-09-22,2.0
2015-09-23,2.0
2015-09-24,2.0
2015-09-25,2.0
2015-09-26,2.0
2015-09-27,2.0
2015-09-28,2.0
2015-09-29,2.0
2015-09-30,2.0
2015-10-01,3.0
2015-10-02,3.421052631578947
2015-10-03,3.1052631578947367
2015-10-04,3.3684210526315788
2015-10-05,3.421052631578947
2015-10-06,4.157894736842105
2015-10-07,3.31578947368421
2015-10-08,4.368421052631579
2015-10-09,3.894736842105263
2015-10-10,3.31578947368421
2015-10-11,3.2105263157894735
2015-10-12,3.631578947368421
2015-10-13,3.8421052631578947
2015-10-14,3.4736842105263155
2015-10-15,3.3684210526315788
2015-10-16,3.894736842105263
2015-10-17,3.894736842105263
2015-10-18,3.4736842105263155
2015-10-19,3.421052631578947
2015-10-20,3.421052631578947
2015-10-21,3.631578947368421
2015-10-22,3.8421052631578947
2015-10-23,3.631578947368421
2015-10-24,3.631578947368421
2015-10-25,4.2105263157894735
2015-10-26,4.105263157894736
2015-10-27,4.263157894736842
2015-10-28,4.578947368421052
2015-10-29,5.0
2015-10-30,5.105263157894736
2015-10-31,4.789473684210526
2015-11-01,3.0
2015-11-02,3.0
2015-11-03,3.0
2015-11-04,3.0
2015-11-05,3.0
2015-11-06,3.0
2015-11-07,3.0
2015-11-08,3.0
2015-11-09,3.0
2015-11-10,3.0
2015-11-11,3.0
2015-11-12,3.0
2015-11-13,3.0
2015-11-14,3.0
2015-11-15,3.0
2015-11-16,3.0
2015-11-17,3.0
2015-11-18,3.0
2015-11-19,3.0
2015-11-20,3.0
2015-11-21,3.0
2015-11-22,3.0
2015-11-23,3.0
2015-11-24,3.0
2015-11-25,3.0
2015-11-26,3.0
2015-11-27,3.0
2015-11-28,3.0
2015-11-29,3.0
2015-11-30,3.0
2015-12-01,3.0
2015-12-02,3.0
2015-12-03,3.0
2015-12-04,3.0
2015-12-05,3.0
2015-12-06,3.0
2015-12-07,3.0
2015-12-08,3.0
2015-12-09,3.0
2015-12-10,3.0
2015-12-11,3.0
2015-12-12,3.0
2015-12-13,3.0
2015-12-14,3.0
2015-12-15,3.0
2015-12-16,3.0
2015-12-17,3.0
2015-12-18,3.0
2015-12-19,3.0
2015-12-20,3.0
2015-12-21,3.0
2015-12-22,3.0
2015-12-23,3.0
2015-12-24,3.0
2015-12-25,3.0
2015-12-26,3.0
2015-12-27,3.0
2015-12-28,3.0
2015-12-29,3.0
2015-12-30,3.0
2015-12-31,3.0
2016-01-01,3.0
2016-01-02,3.0
2016-01-03,3.0
2016-01-04,3.0
2016-01-05,3.0
2016-01-06,3.0
2016-01-07,3.0
2016-01-08,3.0
2016-01-09,3.0
2016-01-10,3.0
2016-01-11,3.0
2016-01-12,3.0
2016-01-13,3.0
2016-01-14,3.0
2016-01-15,3.0
2016-01-16,3.0
2016-01-17,3.0
2016-01-18,3.0
2016-01-19,3.0
2016-01-20,3.0
2016-01-21,3.0
2016-01-22,3.0
2016-01-23,3.0
2016-01-24,3.0
2016-01-25,3.0
2016-01-26,3.0
2016-01-27,3.0
2016-01-28,3.0
2016-01-29,3.0
2016-01-30,3.0
2016-01-31,3.0
2016-02-01,2.0
2016-02-02,2.1999999999999993
2016-02-03,2.1999999999999993
2016-02-04,1.8999999999999995
2016-02-05,2.0
2016-02-06,2.1999999999999993
2016-02-07,2.0
2016-02-08,2.3
2016-02-09,1.7999999999999998
2016-02-10,2.0999999999999996
2016-02-11,1.0
2016-02-12,1.2999999999999998
2016-02-13,1.5
2016-02-14,1.0
2016-02-15,1.0
2016-02-16,0.5
2016-02-17,0.0
2016-02-18,0.0
2016-02-19,0.0
2016-02-20,0.5999999999999996
2016-02-21,0.5999999999999996
2016-02-22,1.0
2016-02-23,0.8999999999999995
2016-02-24,0.6999999999999993
2016-02-25,1.5
2016-02-26,1.5
2016-02-27,1.1999999999999993
2016-02-28,1.5999999999999996
2016-02-29,1.8999999999999995
2016-03-01,2.0
2016-03-02,2.0
2016-03-03,2.0
2016-03-04,2.0
2016-03-05,2.0
2016-03-06,2.0
2016-03-07,2.0
2016-03-08,2.0
2016-03-09,2.0
2016-03-10,2.0
2016-03-11,2.0
2016-03-12,2.0
2016-03-13,2.0
2016-03-14,2.0
2016-03-15,2.0
2016-03-16,2.0
2016-03-17,2.0
2016-03-18,2.0
2016-03-19,2.0
2016-03-20,2.0
2016-03-21,2.0
2016-03-22,2.0
2016-03-23,2.0
2016-03-24,2.0
2016-03-25,2.0
2016-03-26,2.0
2016-03-27,2.0
2016-03-28,2.0
2016-03-29,2.0
2016-03-30,2.0
2016-03-31,2.0
2016-04-01,3.0
2016-04-02,4.0
2016-04-03,2.5
2016-04-04,2.0
2016-04-05,8.0
2016-04-06,4.0
2016-04-07,7.5
2016-04-08,4.5
2016-04-09,2.5
2016-04-10,7.0
2016-04-11,8.0
2016-04-12,6.5
2016-04-13,2.0
2016-04-14,3.5
2016-04-15,4.0
2016-04-16,5.5
2016-04-17,2.0
2016-04-18,1.5
2016-04-19,6.5
2016-04-20,7.0
2016-04-21,15.0
2016-04-22,8.5
2016-04-23,7.5
2016-04-24,13.5
2016-04-25,8.5
2016-04-26,10.0
2016-04-27,13.5
2016-04-28,14.0
2016-04-29,7.5
2016-04-30,7.0
2016-05-01,4.0
2016-05-02,8.466666666666667
2016-05-03,6.0
2016-05-04,4.866666666666666
2016-05-05,5.133333333333333
2016-05-06,4.666666666666666
2016-05-07,4.533333333333333
2016-05-08,4.4
2016-05-09,4.6
2016-05-10,4.466666666666667
2016-05-11,4.266666666666667
2016-05-12,4.266666666666667
2016-05-13,4.066666666666666
2016-05-14,4.199999999999999
2016-05-15,3.933333333333333
2016-05-16,3.8
2016-05-17,4.133333333333333
2016-05-18,4.066666666666666
2016-05-19,4.333333333333333
2016-05-20,4.333333333333333
2016-05-21,4.199999999999999
2016-05-22,4.0
2016-05-23,4.066666666666666
2016-05-24,4.199999999999999
2016-05-25,3.933333333333333
2016-05-26,3.933333333333333
2016-05-27,4.333333333333333
2016-05-28,5.066666666666666
2016-05-29,5.7333333333333325
2016-05-30,5.4
2016-05-31,5.066666666666666
2016-06-01,3.0
2016-06-02,3.8000000000000007
2016-06-03,2.8000000000000007
2016-06-04,3.8000000000000007
2016-06-05,3.5999999999999996
2016-06-06,2.8000000000000007
2016-06-07,3.0
2016-06-08,3.0
2016-06-09,4.2
2016-06-10,4.0
2016-06-11,4.2
2016-06-12,0.0
2016-06-13,0.0
2016-06-14,0.0
2016-06-15,0.8000000000000007
2016-06-16,0.0
2016-06-17,0.0
2016-06-18,0.0
2016-06-19,1.0
2016-06-20,1.1999999999999993
2016-06-21,0.0
2016-06-22,0.8000000000000007
2016-06-23,0.0
2016-06-24,0.0
2016-06-25,0.0
2016-06-26,1.0
2016-06-27,1.5999999999999996
2016-06-28,1.4000000000000004
2016-06-29,2.5999999999999996
2016-06-30,2.1999999999999993
2016-07-01,3.0
2016-07-02,3.0
2016-07-03,3.0
2016-07-04,3.0
2016-07-05,3.0
2016-07-06,3.0
2016-07-07,3.0
2016-07-08,3.0
2016-07-09,3.0
2016-07-10,3.0
2016-07-11,3.0
2016-07-12,3.0
2016-07-13,3.0
2016-07-14,3.0
2016-07-15,3.0
2016-07-16,3.0
2016-07-17,3.0
2016-07-18,3.0
2016-07-19,3.0
2016-07-20,3.0
2016-07-21,3.0
2016-07-22,3.0
2016-07-23,3.0
2016-07-24,3.0
2016-07-25,3.0
2016-07-26,3.0
2016-07-27,3.0
2016-07-28,3.0
2016-07-29,3.0
2016-07-30,3.0
2016-07-31,3.0
2016-08-01,2.0
2016-08-02,6.666666666666664
2016-08-03,23.33333333333333
2016-08-04,7.333333333333332
2016-08-05,4.333333333333332
2016-08-06,2.666666666666666
2016-08-07,4.666666666666666
2016-08-08,4.0
2016-08-09,2.0
2016-08-10,1.0
2016-08-11,1.0
2016-08-12,0.0
2016-08-13,0.33333333333333215
2016-08-14,0.0
2016-08-15,1.0
2016-08-16,1.0
2016-08-17,1.666666666666666
2016-08-18,0.6666666666666661
2016-08-19,1.666666666666666
2016-08-20,0.0
2016-08-21,0.33333333333333215
2016-08-22,0.33333333333333215
2016-08-23,1.3333333333333321
2016-08-24,1.0
2016-08-25,1.3333333333333321
2016-08-26,0.6666666666666661
2016-08-27,1.0
2016-08-28,0.0
2016-08-29,0.0
2016-08-30,0.33333333333333215
2016-08-31,1.0
2016-09-01,2.0
2016-09-02,2.0
2016-09-03,2.0
2016-09-04,2.0
2016-09-05,2.0
2016-09-06,2.0
2016-09-07,2.0
2016-09-08,2.0
2016-09-09,2.0
2016-09-10,2.0
2016-09-11,2.0
2016-09-12,2.0
2016-09-13,2.0
2016-09-14,2.0
2016-09-15,2.0
2016-09-16,2.0
2016-09-17,2.0
2016-09-18,2.0
2016-09-19,2.0
2016-09-20,2.0
2016-09-21,2.0
2016-09-22,2.0
2016-09-23,2.0
2016-09-24,2.0
2016-09-25,2.0
2016-09-26,2.0
2016-09-27,2.0
2016-09-28,2.0
2016-09-29,2.0
2016-09-30,2.0
2016-10-01,3.0
2016-10-02,3.2121212121212124
2016-10-03,3.0606060606060606
2016-10-04,3.0606060606060606
2016-10-05,3.0
2016-10-06,2.757575757575758
2016-10-07,2.8484848484848486
2016-10-08,2.9393939393939394
2016-10-09,2.8484848484848486
2016-10-10,2.9696969696969697
2016-10-11,3.4242424242424243
2016-10-12,3.272727272727273
2016-10-13,3.2424242424242427
2016-10-14,3.0303030303030303
2016-10-15,2.8484848484848486
2016-10-16,3.0
2016-10-17,3.272727272727273
2016-10-18,3.090909090909091
2016-10-19,3.2121212121212124
2016-10-20,2.878787878787879
2016-10-21,3.0
2016-10-22,3.303030303030303
2016-10-23,3.303030303030303
2016-10-24,3.3636363636363638
2016-10-25,3.272727272727273
2016-10-26,3.3333333333333335
2016-10-27,3.606060606060606
2016-10-28,3.666666666666667
2016-10-29,3.9696969696969697
2016-10-30,3.666666666666667
2016-10-31,3.606060606060606
2016-11-01,3.0
2016-11-02,3.0
2016-11-03,3.0
2016-11-04,3.0
2016-11-05,3.0
2016-11-06,3.0
2016-11-07,3.0
2016-11-08,3.0
2016-11-09,3.0
2016-11-10,3.0
2016-11-11,3.0
2016-11-12,3.0
2016-11-13,3.0
2016-11-14,3.0
2016-11-15,3.0
2016-11-16,3.0
2016-11-17,3.0
2016-11-18,3.0
2016-11-19,3.0
2016-11-20,3.0
2016-11-21,3.0
2016-11-22,3.0
2016-11-23,3.0
2016-11-24,3.0
2016-11-25,3.0
2016-11-26,3.0
2016-11-27,3.0
2016-11-28,3.0
2016-11-29,3.0
2016-11-30,3.0
2016-12-01,5.0
2016-12-02,5.608695652173913
2016-12-03,4.739130434782608
2016-12-04,4.826086956521739
2016-12-05,5.3478260869565215
2016-12-06,5.608695652173913
2016-12-07,5.173913043478261
2016-12-08,5.608695652173913
2016-12-09,5.173913043478261
2016-12-10,5.173913043478261
2016-12-11,4.739130434782608
2016-12-12,4.739130434782608
2016-12-13,5.3478260869565215
2016-12-14,4.826086956521739
2016-12-15,4.6521739130434785
2016-12-16,5.260869565217392
2016-12-17,5.173913043478261
2016-12-18,4.739130434782608
2016-12-19,4.826086956521739
2016-12-20,5.0
2016-12-21,6.913043478260869
2016-12-22,8.391304347826086
2016-12-23,9.347826086956522
2016-12-24,7.521739130434782
2016-12-25,7.0
2016-12-26,6.565217391304348
2016-12-27,7.434782608695652
2016-12-28,8.652173913043478
2016-12-29,8.73913043478261
2016-12-30,8.130434782608695
2016-12-31,7.0
2017-01-01,0
2017-01-02,0
2017-01-03,0
2017-01-04,0
2017-01-05,0
2017-01-06,0
2017-01-07,0
2017-01-08,0
2017-01-09,0
2017-01-10,0
2017-01-11,0
2017-01-12,0
2017-01-13,0
2017-01-14,0
2017-01-15,0
2017-01-16,0
2017-01-17,0
2017-01-18,0
2017-01-19,0
2017-01-20,0
2017-01-21,0
2017-01-22,0
2017-01-23,0
2017-01-24,0
2017-01-25,0
2017-01-26,0
2017-01-27,0
2017-01-28,0
2017-01-29,0
2017-01-30,0
2017-01-31,0
2017-02-01,5.0
2017-02-02,6.0
2017-02-03,7.0
2017-02-04,4.0
2017-02-05,3.0
2017-02-06,3.25
2017-02-07,4.25
2017-02-08,6.25
2017-02-09,7.75
2017-02-10,6.0
2017-02-11,4.0
2017-02-12,1.75
2017-02-13,3.25
2017-02-14,2.25
2017-02-15,2.0
2017-02-16,3.5
2017-02-17,2.5
2017-02-18,3.25
2017-02-19,1.25
2017-02-20,1.5
2017-02-21,7.5
2017-02-22,6.5
2017-02-23,9.5
2017-02-24,13.5
2017-02-25,6.5
2017-02-26,4.0
2017-02-27,5.5
2017-02-28,7.25
2017-03-01,4.0
2017-03-02,8.200000000000001
2017-03-03,10.4
2017-03-04,6.600000000000001
2017-03-05,5.0
2017-03-06,6.4
2017-03-07,6.4
2017-03-08,6.4
2017-03-09,6.4
2017-03-10,15.0
2017-03-11,10.0
2017-03-12,5.800000000000001
2017-03-13,6.0
2017-03-14,4.200000000000001
2017-03-15,4.200000000000001
2017-03-16,5.0
2017-03-17,5.0
2017-03-18,7.600000000000001
2017-03-19,6.200000000000001
2017-03-20,5.0
2017-03-21,4.600000000000001
2017-03-22,4.600000000000001
2017-03-23,4.0
2017-03-24,4.0
2017-03-25,4.800000000000001
2017-03-26,4.200000000000001
2017-03-27,4.4
2017-03-28,3.200000000000001
2017-03-29,4.0
2017-03-30,2.4000000000000004
2017-03-31,3.200000000000001
2017-04-01,12.0
2017-04-02,11.25
2017-04-03,13.0
2017-04-04,13.5
2017-04-05,12.0
2017-04-06,12.5
2017-04-07,14.0
2017-04-08,11.5
2017-04-09,11.0
2017-04-10,12.0
2017-04-11,13.25
2017-04-12,12.75
2017-04-13,13.5
2017-04-14,10.5
2017-04-15,10.75
2017-04-16,11.0
2017-04-17,11.75
2017-04-18,14.5
2017-04-19,12.5
2017-04-20,12.25
2017-04-21,13.0
2017-04-22,11.5
2017-04-23,9.5
2017-04-24,11.25
2017-04-25,13.75
2017-04-26,15.5
2017-04-27,16.5
2017-04-28,16.75
2017-04-29,13.5
2017-04-30,14.25
2017-05-01,11.0
2017-05-02,10.952380952380953
2017-05-03,10.952380952380953
2017-05-04,10.428571428571429
2017-05-05,10.761904761904763
2017-05-06,11.047619047619047
2017-05-07,11.0
2017-05-08,10.857142857142858
2017-05-09,10.380952380952381
2017-05-10,10.571428571428571
2017-05-11,10.380952380952381
2017-05-12,10.333333333333334
2017-05-13,10.333333333333334
2017-05-14,10.571428571428571
2017-05-15,10.285714285714286
2017-05-16,10.428571428571429
2017-05-17,10.571428571428571
2017-05-18,10.666666666666668
2017-05-19,10.333333333333334
2017-05-20,10.238095238095239
2017-05-21,10.238095238095239
2017-05-22,8.952380952380953
2017-05-23,9.142857142857142
2017-05-24,8.714285714285715
2017-05-25,7.142857142857143
2017-05-26,8.476190476190476
2017-05-27,9.285714285714286
2017-05-28,9.857142857142858
2017-05-29,10.0
2017-05-30,9.904761904761905
2017-05-31,9.904761904761905
2017-06-01,9.0
2017-06-02,8.625
2017-06-03,8.4375
2017-06-04,7.875
2017-06-05,8.625
2017-06-06,10.625
2017-06-07,9.1875
2017-06-08,9.1875
2017-06-09,9.3125
2017-06-10,8.6875
2017-06-11,9.0625
2017-06-12,10.5
2017-06-13,9.375
2017-06-14,9.3125
2017-06-15,10.5
2017-06-16,9.0
2017-06-17,8.125
2017-06-18,7.8125
2017-06-19,8.25
2017-06-20,8.375
2017-06-21,8.9375
2017-06-22,8.5
2017-06-23,8.0625
2017-06-24,7.9375
2017-06-25,7.9375
2017-06-26,8.625
2017-06-27,9.25
2017-06-28,8.6875
2017-06-29,7.875
2017-06-30,7.5625
2017-07-01,16.0
2017-07-02,16.291666666666668
2017-07-03,16.09722222222222
2017-07-04,16.194444444444446
2017-07-05,16.77777777777778
2017-07-06,16.583333333333336
2017-07-07,16.38888888888889
2017-07-08,16.194444444444446
2017-07-09,15.805555555555557
2017-07-10,16.875
2017-07-11,16.97222222222222
2017-07-12,17.069444444444446
2017-07-13,16.77777777777778
2017-07-14,16.583333333333336
2017-07-15,17.26388888888889
2017-07-16,17.75
2017-07-17,17.458333333333336
2017-07-18,17.65277777777778
2017-07-19,17.36111111111111
2017-07-20,18.430555555555557
2017-07-21,17.84722222222222
2017-07-22,17.069444444444446
2017-07-23,17.069444444444446
2017-07-24,16.875
2017-07-25,17.555555555555557
2017-07-26,17.36111111111111
2017-07-27,17.069444444444446
2017-07-28,17.65277777777778
2017-07-29,16.680555555555557
2017-07-30,16.583333333333336
2017-07-31,17.555555555555557
2017-08-01,15.0
2017-08-02,14.15151515151515
2017-08-03,13.545454545454545
2017-08-04,13.424242424242424
2017-08-05,13.878787878787879
2017-08-06,13.454545454545453
2017-08-07,13.575757575757574
2017-08-08,13.848484848484848
2017-08-09,13.818181818181817
2017-08-10,13.424242424242424
2017-08-11,13.636363636363635
2017-08-12,13.969696969696969
2017-08-13,14.454545454545453
2017-08-14,14.787878787878787
2017-08-15,14.606060606060606
2017-08-16,14.121212121212121
2017-08-17,14.09090909090909
2017-08-18,14.09090909090909
2017-08-19,13.969696969696969
2017-08-20,13.727272727272727
2017-08-21,13.575757575757574
2017-08-22,14.03030303030303
2017-08-23,13.787878787878787
2017-08-24,13.666666666666666
2017-08-25,13.636363636363635
2017-08-26,13.575757575757574
2017-08-27,13.363636363636363
2017-08-28,13.393939393939393
2017-08-29,13.757575757575756
2017-08-30,13.727272727272727
2017-08-31,13.818181818181817
2017-09-01,16.0
2017-09-02,16.037037037037038
2017-09-03,16.074074074074073
2017-09-04,15.962962962962962
2017-09-05,16.11111111111111
2017-09-06,16.40740740740741
2017-09-07,16.666666666666668
2017-09-08,16.22222222222222
2017-09-09,16.703703703703702
2017-09-10,16.85185185185185
2017-09-11,16.62962962962963
2017-09-12,16.40740740740741
2017-09-13,15.666666666666666
2017-09-14,14.703703703703704
2017-09-15,14.666666666666668
2017-09-16,16.037037037037038
2017-09-17,16.555555555555557
2017-09-18,16.296296296296298
2017-09-19,16.37037037037037
2017-09-20,16.62962962962963
2017-09-21,16.333333333333332
2017-09-22,16.555555555555557
2017-09-23,16.925925925925927
2017-09-24,17.074074074074073
2017-09-25,16.444444444444443
2017-09-26,16.85185185185185
2017-09-27,16.62962962962963
2017-09-28,16.77777777777778
2017-09-29,16.666666666666668
2017-09-30,16.88888888888889
2017-10-01,38.0
2017-10-02,39.03125
2017-10-03,38.34375
2017-10-04,40.40625
2017-10-05,38.6875
2017-10-06,38.34375
2017-10-07,37.3125
2017-10-08,38.6875
2017-10-09,41.4375
2017-10-10,41.4375
2017-10-11,40.40625
2017-10-12,53.125
2017-10-13,60.6875
2017-10-14,48.3125
2017-10-15,45.5625
2017-10-16,45.5625
2017-10-17,46.25
2017-10-18,45.21875
2017-10-19,44.53125
2017-10-20,49.34375
2017-10-21,50.03125
2017-10-22,45.21875
2017-10-23,48.3125
2017-10-24,50.71875
2017-10-25,48.65625
2017-10-26,47.28125
2017-10-27,44.53125
2017-10-28,42.46875
2017-10-29,44.53125
2017-10-30,46.9375
2017-10-31,52.78125
2017-11-01,100.0
2017-11-02,114.6842105263158
2017-11-03,108.15789473684211
2017-11-04,96.73684210526315
2017-11-05,93.47368421052632
2017-11-06,100.0
2017-11-07,96.73684210526315
2017-11-08,101.63157894736842
2017-11-09,98.36842105263159
2017-11-10,108.15789473684211
2017-11-11,104.89473684210526
2017-11-12,113.05263157894737
2017-11-13,109.78947368421052
2017-11-14,98.36842105263159
2017-11-15,100.0
2017-11-16,100.0
2017-11-17,111.42105263157896
2017-11-18,98.36842105263159
2017-11-19,93.47368421052632
2017-11-20,104.89473684210526
2017-11-21,106.52631578947368
2017-11-22,100.0
2017-11-23,93.47368421052632
2017-11-24,95.10526315789474
2017-11-25,96.73684210526315
2017-11-26,121.21052631578948
2017-11-27,137.5263157894737
2017-11-28,153.8421052631579
2017-11-29,227.26315789473685
2017-11-30,189.73684210526318
2017-12-01,50.0
2017-12-02,18.75
2017-12-03,15.625
2017-12-04,34.375
2017-12-05,31.25
2017-12-06,71.875
2017-12-07,253.125
2017-12-08,206.25
2017-12-09,103.125
2017-12-10,93.75
2017-12-11,121.875
2017-12-12,118.75
2017-12-13,90.625
2017-12-14,71.875
2017-12-15,56.25
2017-12-16,62.5
2017-12-17,65.625
2017-12-18,68.75
2017-12-19,75.0
2017-12-20,153.125
2017-12-21,87.5
2017-12-22,240.625
2017-12-23,112.5
2017-12-24,59.375
2017-12-25,43.75
2017-12-26,46.875
2017-12-27,40.625
2017-12-28,43.75
2017-12-29,28.125
2017-12-30,21.875
2017-12-31,9.375
2018-01-01,36.0
2018-01-02,16.75
2018-01-03,15.0
2018-01-04,23.75
2018-01-05,22.0
2018-01-06,27.25
2018-01-07,32.5
2018-01-08,23.75
2018-01-09,29.0
2018-01-10,25.5
2018-01-11,11.5
2018-01-12,30.75
2018-01-13,43.0
2018-01-14,48.25
2018-01-15,48.25
2018-01-16,0.0
2018-01-17,0.0
2018-01-18,0.0
2018-01-19,25.5
2018-01-20,41.25
2018-01-21,41.25
2018-01-22,32.5
2018-01-23,32.5
2018-01-24,36.0
2018-01-25,37.75
2018-01-26,39.5
2018-01-27,50.0
2018-01-28,55.25
2018-01-29,55.25
2018-01-30,43.0
2018-01-31,41.25
2018-02-01,20.0
2018-02-02,28.842105263157897
2018-02-03,16.63157894736842
2018-02-04,12.842105263157897
2018-02-05,28.421052631578945
2018-02-06,37.68421052631579
2018-02-07,20.0
2018-02-08,16.63157894736842
2018-02-09,13.684210526315791
2018-02-10,9.473684210526317
2018-02-11,8.210526315789476
2018-02-12,9.473684210526317
2018-02-13,8.631578947368423
2018-02-14,8.631578947368423
2018-02-15,9.05263157894737
2018-02-16,8.631578947368423
2018-02-17,6.526315789473685
2018-02-18,7.3684210526315805
2018-02-19,6.105263157894738
2018-02-20,8.210526315789476
2018-02-21,8.631578947368423
2018-02-22,6.947368421052634
2018-02-23,5.263157894736844
2018-02-24,3.578947368421055
2018-02-25,4.000000000000002
2018-02-26,4.842105263157897
2018-02-27,5.684210526315791
2018-02-28,4.421052631578949
2018-03-01,16.0
2018-03-02,9.333333333333329
2018-03-03,12.0
2018-03-04,2.666666666666657
2018-03-05,4.0
2018-03-06,16.0
2018-03-07,34.66666666666666
2018-03-08,30.666666666666657
2018-03-09,50.66666666666666
2018-03-10,6.666666666666657
2018-03-11,1.3333333333333286
2018-03-12,17.33333333333333
2018-03-13,5.333333333333329
2018-03-14,32.0
2018-03-15,57.333333333333314
2018-03-16,21.33333333333333
2018-03-17,8.0
2018-03-18,30.666666666666657
2018-03-19,29.33333333333333
2018-03-20,16.0
2018-03-21,12.0
2018-03-22,9.333333333333329
2018-03-23,4.0
2018-03-24,0.0
2018-03-25,0.0
2018-03-26,9.333333333333329
2018-03-27,9.333333333333329
2018-03-28,4.0
2018-03-29,21.33333333333333
2018-03-30,44.0
2018-03-31,8.0
2018-04-01,12.0
2018-04-02,12.96551724137931
2018-04-03,11.862068965517242
2018-04-04,10.758620689655173
2018-04-05,10.89655172413793
2018-04-06,10.89655172413793
2018-04-07,9.931034482758621
2018-04-08,8.551724137931034
2018-04-09,10.758620689655173
2018-04-10,9.793103448275861
2018-04-11,9.793103448275861
2018-04-12,12.0
2018-04-13,11.448275862068966
2018-04-14,9.517241379310345
2018-04-15,8.827586206896552
2018-04-16,9.241379310344827
2018-04-17,8.0
2018-04-18,9.655172413793103
2018-04-19,9.655172413793103
2018-04-20,10.482758620689655
2018-04-21,9.241379310344827
2018-04-22,9.241379310344827
2018-04-23,9.793103448275861
2018-04-24,12.137931034482758
2018-04-25,11.03448275862069
2018-04-26,8.827586206896552
2018-04-27,8.827586206896552
2018-04-28,7.586206896551724
2018-04-29,7.586206896551724
2018-04-30,8.275862068965518
2018-05-01,13.0
2018-05-02,13.266666666666666
2018-05-03,12.133333333333333
2018-05-04,12.733333333333333
2018-05-05,12.799999999999999
2018-05-06,13.133333333333333
2018-05-07,13.066666666666666
2018-05-08,12.533333333333331
2018-05-09,12.799999999999999
2018-05-10,12.933333333333334
2018-05-11,11.599999999999998
2018-05-12,13.133333333333333
2018-05-13,13.399999999999999
2018-05-14,12.799999999999999
2018-05-15,12.866666666666665
2018-05-16,13.066666666666666
2018-05-17,13.399999999999999
2018-05-18,13.133333333333333
2018-05-19,14.333333333333332
2018-05-20,13.933333333333334
2018-05-21,13.733333333333333
2018-05-22,13.599999999999998
2018-05-23,12.266666666666666
2018-05-24,12.133333333333333
2018-05-25,13.266666666666666
2018-05-26,14.133333333333333
2018-05-27,14.0
2018-05-28,13.133333333333333
2018-05-29,13.2
2018-05-30,12.799999999999999
2018-05-31,13.533333333333331
2018-06-01,11.0
2018-06-02,12.5
2018-06-03,12.0
2018-06-04,9.5
2018-06-05,10.5
2018-06-06,10.0
2018-06-07,11.0
2018-06-08,11.5
2018-06-09,15.5
2018-06-10,0.5
2018-06-11,0.0
2018-06-12,2.5
2018-06-13,0.0
2018-06-14,0.0
2018-06-15,7.5
2018-06-16,10.5
2018-06-17,12.5
2018-06-18,5.5
2018-06-19,10.0
2018-06-20,8.5
2018-06-21,9.5
2018-06-22,4.5
2018-06-23,8.0
2018-06-24,1.5
2018-06-25,3.0
2018-06-26,8.0
2018-06-27,7.5
2018-06-28,7.0
2018-06-29,0.0
2018-06-30,0.0
2018-07-01,10.0
2018-07-02,8.857142857142858
2018-07-03,10.142857142857142
2018-07-04,10.714285714285714
2018-07-05,9.857142857142858
2018-07-06,10.285714285714286
2018-07-07,12.142857142857142
2018-07-08,10.714285714285714
2018-07-09,10.857142857142858
2018-07-10,9.857142857142858
2018-07-11,10.714285714285714
2018-07-12,9.571428571428571
2018-07-13,10.428571428571429
2018-07-14,11.142857142857142
2018-07-15,12.428571428571429
2018-07-16,10.428571428571429
2018-07-17,7.142857142857142
2018-07-18,7.142857142857142
2018-07-19,8.285714285714286
2018-07-20,8.857142857142858
2018-07-21,10.714285714285714
2018-07-22,11.142857142857142
2018-07-23,9.142857142857142
2018-07-24,4.857142857142858
2018-07-25,6.428571428571429
2018-07-26,7.142857142857142
2018-07-27,7.142857142857142
2018-07-28,10.714285714285714
2018-07-29,10.714285714285714
2018-07-30,9.142857142857142
2018-07-31,9.428571428571429
2018-08-01,9.0
2018-08-02,8.68421052631579
2018-08-03,8.789473684210527
2018-08-04,8.578947368421053
2018-08-05,8.368421052631579
2018-08-06,8.578947368421053
2018-08-07,8.421052631578947
2018-08-08,10.052631578947368
2018-08-09,9.368421052631579
2018-08-10,8.947368421052632
2018-08-11,9.0
2018-08-12,8.263157894736842
2018-08-13,8.526315789473685
2018-08-14,9.894736842105264
2018-08-15,9.631578947368421
2018-08-16,8.631578947368421
2018-08-17,8.631578947368421
2018-08-18,8.105263157894736
2018-08-19,7.684210526315789
2018-08-20,8.421052631578947
2018-08-21,9.421052631578949
2018-08-22,8.894736842105264
2018-08-23,8.68421052631579
2018-08-24,8.31578947368421
2018-08-25,8.105263157894736
2018-08-26,7.578947368421053
2018-08-27,8.421052631578947
2018-08-28,8.894736842105264
2018-08-29,8.473684210526315
2018-08-30,8.157894736842106
2018-08-31,7.947368421052632
2018-09-01,7.0
2018-09-02,7.222222222222221
2018-09-03,6.555555555555555
2018-09-04,7.666666666666666
2018-09-05,12.999999999999998
2018-09-06,15.666666666666666
2018-09-07,10.555555555555555
2018-09-08,7.0
2018-09-09,6.555555555555555
2018-09-10,8.11111111111111
2018-09-11,9.444444444444445
2018-09-12,10.111111111111109
2018-09-13,10.555555555555555
2018-09-14,6.555555555555555
2018-09-15,4.555555555555555
2018-09-16,4.111111111111111
2018-09-17,6.333333333333332
2018-09-18,6.555555555555555
2018-09-19,7.0
2018-09-20,6.333333333333332
2018-09-21,8.11111111111111
2018-09-22,6.111111111111111
2018-09-23,4.777777777777777
2018-09-24,5.666666666666666
2018-09-25,6.333333333333332
2018-09-26,7.444444444444445
2018-09-27,6.111111111111111
2018-09-28,5.666666666666666
2018-09-29,3.8888888888888893
2018-09-30,3.8888888888888893
2018-10-01,11.0
2018-10-02,11.800000000000004
2018-10-03,11.0
2018-10-04,14.200000000000003
2018-10-05,15.0
2018-10-06,19.0
2018-10-07,20.6
2018-10-08,15.800000000000004
2018-10-09,15.800000000000004
2018-10-10,10.200000000000003
2018-10-11,0.0
2018-10-12,3.8000000000000043
2018-10-13,14.200000000000003
2018-10-14,19.0
2018-10-15,5.399999999999999
2018-10-16,7.800000000000004
2018-10-17,14.200000000000003
2018-10-18,14.200000000000003
2018-10-19,15.0
2018-10-20,18.200000000000003
2018-10-21,21.400000000000002
2018-10-22,16.6
2018-10-23,11.800000000000004
2018-10-24,14.200000000000003
2018-10-25,15.0
2018-10-26,15.800000000000004
2018-10-27,20.6
2018-10-28,24.6
2018-10-29,9.399999999999999
2018-10-30,11.800000000000004
2018-10-31,11.800000000000004
2018-11-01,11.0
2018-11-02,11.0
2018-11-03,11.0
2018-11-04,11.0
2018-11-05,11.0
2018-11-06,11.0
2018-11-07,11.0
2018-11-08,11.0
2018-11-09,11.0
2018-11-10,11.0
2018-11-11,11.0
2018-11-12,11.0
2018-11-13,11.0
2018-11-14,11.0
2018-11-15,11.0
2018-11-16,11.0
2018-11-17,11.0
2018-11-18,11.0
2018-11-19,11.0
2018-11-20,11.0
2018-11-21,11.0
2018-11-22,11.0
2018-11-23,11.0
2018-11-24,11.0
2018-11-25,11.0
2018-11-26,11.0
2018-11-27,11.0
2018-11-28,11.0
2018-11-29,11.0
2018-11-30,11.0
2018-12-01,7.0
2018-12-02,3.4444444444444464
2018-12-03,11.0
2018-12-04,13.222222222222225
2018-12-05,11.0
2018-12-06,14.11111111111111
2018-12-07,25.666666666666668
2018-12-08,14.11111111111111
2018-12-09,8.777777777777779
2018-12-10,11.88888888888889
2018-12-11,12.333333333333336
2018-12-12,10.555555555555557
2018-12-13,13.222222222222225
2018-12-14,17.666666666666668
2018-12-15,12.777777777777779
2018-12-16,7.888888888888889
2018-12-17,15.000000000000004
2018-12-18,13.666666666666668
2018-12-19,17.666666666666668
2018-12-20,21.666666666666668
2018-12-21,15.000000000000004
2018-12-22,6.111111111111111
2018-12-23,7.444444444444446
2018-12-24,13.666666666666668
2018-12-25,11.0
2018-12-26,11.0
2018-12-27,10.11111111111111
2018-12-28,9.222222222222225
2018-12-29,3.8888888888888893
2018-12-30,2.555555555555557
2018-12-31,4.333333333333336
2019-01-01,7.0
2019-01-02,7.0
2019-01-03,7.0
2019-01-04,7.0
2019-01-05,7.0
2019-01-06,7.0
2019-01-07,7.0
2019-01-08,7.0
2019-01-09,7.0
2019-01-10,7.0
2019-01-11,7.0
2019-01-12,7.0
2019-01-13,7.0
2019-01-14,7.0
2019-01-15,7.0
2019-01-16,7.0
2019-01-17,7.0
2019-01-18,7.0
2019-01-19,7.0
2019-01-20,7.0
2019-01-21,7.0
2019-01-22,7.0
2019-01-23,7.0
2019-01-24,7.0
2019-01-25,7.0
2019-01-26,7.0
2019-01-27,7.0
2019-01-28,7.0
2019-01-29,7.0
2019-01-30,7.0
2019-01-31,7.0
2019-02-01,6.0
2019-02-02,11.0
2019-02-03,9.0
2019-02-04,0.0
2019-02-05,0.0
2019-02-06,0.0
2019-02-07,0.0
2019-02-08,0.0
2019-02-09,0.0
2019-02-10,3.0
2019-02-11,0.0
2019-02-12,2.0
2019-02-13,5.0
2019-02-14,1.0
2019-02-15,6.0
2019-02-16,11.0
2019-02-17,13.0
2019-02-18,0.0
2019-02-19,0.0
2019-02-20,0.0
2019-02-21,0.0
2019-02-22,0.0
2019-02-23,0.0
2019-02-24,0.0
2019-02-25,0.0
2019-02-26,2.0
2019-02-27,1.0
2019-02-28,0.0
2019-03-01,10.0
2019-03-02,8.73684210526316
2019-03-03,8.526315789473685
2019-03-04,10.421052631578949
2019-03-05,12.315789473684212
2019-03-06,12.526315789473685
2019-03-07,11.894736842105264
2019-03-08,10.421052631578949
2019-03-09,10.210526315789476
2019-03-10,8.315789473684212
2019-03-11,10.421052631578949
2019-03-12,10.842105263157897
2019-03-13,9.368421052631579
2019-03-14,7.684210526315791
2019-03-15,9.789473684210527
2019-03-16,11.263157894736842
2019-03-17,8.315789473684212
2019-03-18,11.05263157894737
2019-03-19,12.315789473684212
2019-03-20,12.105263157894736
2019-03-21,11.894736842105264
2019-03-22,12.526315789473685
2019-03-23,9.368421052631579
2019-03-24,7.894736842105264
2019-03-25,9.157894736842106
2019-03-26,10.0
2019-03-27,10.631578947368421
2019-03-28,10.421052631578949
2019-03-29,11.684210526315791
2019-03-30,9.578947368421055
2019-03-31,7.894736842105264
2019-04-01,14.0
2019-04-02,0.0
2019-04-03,0.0
2019-04-04,0.0
2019-04-05,1.0
2019-04-06,4.0
2019-04-07,3.0
2019-04-08,0.0
2019-04-09,2.0
2019-04-10,0.0
2019-04-11,3.0
2019-04-12,10.0
2019-04-13,14.0
2019-04-14,15.0
2019-04-15,10.0
2019-04-16,9.0
2019-04-17,8.0
2019-04-18,9.0
2019-04-19,11.0
2019-04-20,12.0
2019-04-21,14.0
2019-04-22,9.0
2019-04-23,0.0
2019-04-24,4.0
2019-04-25,9.0
2019-04-26,5.0
2019-04-27,14.0
2019-04-28,17.0
2019-04-29,15.0
2019-04-30,16.0
2019-05-01,16.0
2019-05-02,16.25
2019-05-03,17.083333333333336
2019-05-04,16.833333333333336
2019-05-05,17.0
2019-05-06,16.5
2019-05-07,17.166666666666668
2019-05-08,17.166666666666668
2019-05-09,17.333333333333336
2019-05-10,17.75
2019-05-11,19.916666666666668
2019-05-12,20.0
2019-05-13,20.666666666666668
2019-05-14,21.916666666666664
2019-05-15,19.916666666666668
2019-05-16,19.5
2019-05-17,19.75
2019-05-18,18.583333333333336
2019-05-19,19.75
2019-05-20,19.0
2019-05-21,18.666666666666668
2019-05-22,18.333333333333336
2019-05-23,18.083333333333336
2019-05-24,18.0
2019-05-25,17.416666666666668
2019-05-26,18.166666666666668
2019-05-27,19.416666666666668
2019-05-28,18.833333333333336
2019-05-29,18.666666666666668
2019-05-30,18.833333333333336
2019-05-31,18.916666666666668
2019-06-01,14.0
2019-06-02,14.0
2019-06-03,14.307692307692307
2019-06-04,13.538461538461538
2019-06-05,14.615384615384615
2019-06-06,14.307692307692307
2019-06-07,14.923076923076923
2019-06-08,14.923076923076923
2019-06-09,15.23076923076923
2019-06-10,14.76923076923077
2019-06-11,14.76923076923077
2019-06-12,14.615384615384615
2019-06-13,14.615384615384615
2019-06-14,14.0
2019-06-15,14.153846153846153
2019-06-16,13.076923076923077
2019-06-17,13.23076923076923
2019-06-18,12.76923076923077
2019-06-19,13.846153846153847
2019-06-20,13.538461538461538
2019-06-21,12.307692307692307
2019-06-22,7.384615384615383
2019-06-23,11.692307692307692
2019-06-24,11.076923076923077
2019-06-25,10.46153846153846
2019-06-26,2.615384615384615
2019-06-27,5.384615384615383
2019-06-28,9.23076923076923
2019-06-29,12.153846153846153
2019-06-30,12.461538461538462
2019-07-01,11.0
2019-07-02,10.842105263157894
2019-07-03,9.973684210526315
2019-07-04,9.5
2019-07-05,9.421052631578949
2019-07-06,8.473684210526315
2019-07-07,8.236842105263158
2019-07-08,9.026315789473685
2019-07-09,10.289473684210527
2019-07-10,10.289473684210527
2019-07-11,9.105263157894736
2019-07-12,10.131578947368421
2019-07-13,8.868421052631579
2019-07-14,9.263157894736842
2019-07-15,9.894736842105264
2019-07-16,10.131578947368421
2019-07-17,10.210526315789473
2019-07-18,9.342105263157894
2019-07-19,8.789473684210527
2019-07-20,8.157894736842106
2019-07-21,8.0
2019-07-22,8.394736842105264
2019-07-23,8.947368421052632
2019-07-24,8.552631578947368
2019-07-25,8.710526315789473
2019-07-26,8.078947368421053
2019-07-27,8.394736842105264
2019-07-28,7.526315789473684
2019-07-29,7.842105263157895
2019-07-30,7.7631578947368425
2019-07-31,8.0
2019-08-01,9.0
2019-08-02,9.666666666666666
2019-08-03,8.833333333333332
2019-08-04,8.416666666666666
2019-08-05,11.583333333333332
2019-08-06,10.5
2019-08-07,10.25
2019-08-08,10.166666666666666
2019-08-09,8.583333333333332
2019-08-10,9.083333333333332
2019-08-11,8.333333333333332
2019-08-12,8.5
2019-08-13,8.916666666666666
2019-08-14,9.75
2019-08-15,9.666666666666666
2019-08-16,9.166666666666666
2019-08-17,8.25
2019-08-18,7.833333333333333
2019-08-19,8.416666666666666
2019-08-20,8.416666666666666
2019-08-21,8.416666666666666
2019-08-22,8.333333333333332
2019-08-23,8.416666666666666
2019-08-24,8.083333333333332
2019-08-25,7.666666666666666
2019-08-26,8.083333333333332
2019-08-27,7.916666666666666
2019-08-28,8.416666666666666
2019-08-29,8.083333333333332
2019-08-30,7.666666666666666
2019-08-31,7.166666666666666
2019-09-01,9.0
2019-09-02,9.0
2019-09-03,9.0
2019-09-04,9.0
2019-09-05,9.0
2019-09-06,9.0
2019-09-07,9.0
2019-09-08,9.0
2019-09-09,9.0
2019-09-10,9.0
2019-09-11,9.0
2019-09-12,9.0
2019-09-13,9.0
2019-09-14,9.0
2019-09-15,9.0
2019-09-16,9.0
2019-09-17,9.0
2019-09-18,9.0
2019-09-19,9.0
2019-09-20,9.0
2019-09-21,9.0
2019-09-22,9.0
2019-09-23,9.0
2019-09-24,9.0
2019-09-25,9.0
2019-09-26,9.0
2019-09-27,9.0
2019-09-28,9.0
2019-09-29,9.0
2019-09-30,9.0
2019-10-01,8.0
2019-10-02,7.9
2019-10-03,7.7
2019-10-04,7.0
2019-10-05,6.7
2019-10-06,6.8
2019-10-07,7.5
2019-10-08,7.4
2019-10-09,7.7
2019-10-10,7.3
2019-10-11,7.1
2019-10-12,6.3
2019-10-13,6.5
2019-10-14,6.9
2019-10-15,6.6
2019-10-16,7.0
2019-10-17,6.9
2019-10-18,6.7
2019-10-19,6.3999999999999995
2019-10-20,6.5
2019-10-21,6.7
2019-10-22,6.7
2019-10-23,8.9
2019-10-24,8.0
2019-10-25,9.0
2019-10-26,12.1
2019-10-27,8.3
2019-10-28,8.2
2019-10-29,8.1
2019-10-30,7.9
2019-10-31,7.3
2019-11-01,7.0
2019-11-02,6.0
2019-11-03,5.0
2019-11-04,8.0
2019-11-05,8.5
2019-11-06,7.0
2019-11-07,6.5
2019-11-08,7.5
2019-11-09,4.5
2019-11-10,4.75
2019-11-11,6.5
2019-11-12,6.0
2019-11-13,4.75
2019-11-14,5.25
2019-11-15,5.25
2019-11-16,4.75
2019-11-17,4.5
2019-11-18,5.75
2019-11-19,8.25
2019-11-20,6.75
2019-11-21,11.25
2019-11-22,13.5
2019-11-23,8.25
2019-11-24,8.0
2019-11-25,14.25
2019-11-26,11.0
2019-11-27,9.75
2019-11-28,6.25
2019-11-29,6.75
2019-11-30,5.75
2019-12-01,8.0
2019-12-02,8.333333333333334
2019-12-03,7.666666666666668
2019-12-04,6.333333333333334
2019-12-05,7.833333333333334
2019-12-06,8.5
2019-12-07,8.666666666666668
2019-12-08,9.833333333333334
2019-12-09,8.333333333333334
2019-12-10,7.833333333333334
2019-12-11,7.666666666666668
2019-12-12,8.833333333333334
2019-12-13,8.666666666666668
2019-12-14,9.333333333333334
2019-12-15,9.0
2019-12-16,8.166666666666668
2019-12-17,5.0
2019-12-18,2.8333333333333357
2019-12-19,6.166666666666668
2019-12-20,7.833333333333334
2019-12-21,9.0
2019-12-22,9.5
2019-12-23,6.333333333333334
2019-12-24,8.5
2019-12-25,9.333333333333334
2019-12-26,8.5
2019-12-27,8.5
2019-12-28,7.666666666666668
2019-12-29,8.833333333333334
2019-12-30,9.166666666666668
2019-12-31,7.666666666666668
2020-01-01,10.0
2020-01-02,11.11111111111111
2020-01-03,12.0
2020-01-04,11.333333333333334
2020-01-05,10.777777777777779
2020-01-06,11.222222222222221
2020-01-07,13.333333333333332
2020-01-08,14.666666666666668
2020-01-09,11.555555555555557
2020-01-10,12.11111111111111
2020-01-11,11.444444444444445
2020-01-12,10.555555555555557
2020-01-13,10.555555555555557
2020-01-14,13.444444444444443
2020-01-15,14.222222222222221
2020-01-16,12.222222222222221
2020-01-17,12.444444444444446
2020-01-18,12.222222222222221
2020-01-19,13.222222222222221
2020-01-20,11.777777777777779
2020-01-21,11.555555555555557
2020-01-22,10.666666666666668
2020-01-23,11.444444444444445
2020-01-24,10.777777777777779
2020-01-25,10.666666666666668
2020-01-26,9.555555555555557
2020-01-27,11.333333333333334
2020-01-28,12.444444444444446
2020-01-29,12.555555555555557
2020-01-30,12.777777777777779
2020-01-31,12.222222222222221
2020-02-01,13.0
2020-02-02,14.5
2020-02-03,14.5
2020-02-04,11.5
2020-02-05,4.75
2020-02-06,7.0
2020-02-07,10.75
2020-02-08,14.5
2020-02-09,0.0
2020-02-10,2.5
2020-02-11,2.5
2020-02-12,0.0
2020-02-13,0.0
2020-02-14,6.25
2020-02-15,8.5
2020-02-16,7.75
2020-02-17,8.5
2020-02-18,10.0
2020-02-19,2.5
2020-02-20,9.25
2020-02-21,13.0
2020-02-22,16.0
2020-02-23,16.0
2020-02-24,6.25
2020-02-25,10.0
2020-02-26,6.25
2020-02-27,4.0
2020-02-28,3.25
2020-02-29,13.75
2020-03-01,10.0
2020-03-02,8.5
2020-03-03,8.5
2020-03-04,11.5
2020-03-05,11.5
2020-03-06,10.0
2020-03-07,13.0
2020-03-08,7.0
2020-03-09,0.0
2020-03-10,0.0
2020-03-11,11.5
2020-03-12,0.0
2020-03-13,0.0
2020-03-14,0.0
2020-03-15,0.0
2020-03-16,0.0
2020-03-17,0.0
2020-03-18,0.0
2020-03-19,0.0
2020-03-20,0.0
2020-03-21,0.0
2020-03-22,0.0
2020-03-23,0.0
2020-03-24,0.0
2020-03-25,0.0
2020-03-26,1.0
2020-03-27,2.5
2020-03-28,2.5
2020-03-29,7.0
2020-03-30,2.5
2020-03-31,5.5
2020-04-01,13.0
2020-04-02,14.421052631578947
2020-04-03,14.105263157894736
2020-04-04,13.631578947368421
2020-04-05,13.473684210526315
2020-04-06,15.842105263157894
2020-04-07,14.421052631578947
2020-04-08,13.947368421052632
2020-04-09,13.631578947368421
2020-04-10,14.105263157894736
2020-04-11,13.31578947368421
2020-04-12,13.947368421052632
2020-04-13,14.263157894736842
2020-04-14,13.473684210526315
2020-04-15,13.157894736842104
2020-04-16,14.421052631578947
2020-04-17,13.473684210526315
2020-04-18,13.789473684210526
2020-04-19,13.157894736842104
2020-04-20,13.157894736842104
2020-04-21,13.631578947368421
2020-04-22,13.473684210526315
2020-04-23,14.578947368421053
2020-04-24,14.263157894736842
2020-04-25,14.105263157894736
2020-04-26,14.263157894736842
2020-04-27,14.736842105263158
2020-04-28,15.368421052631579
2020-04-29,18.684210526315788
2020-04-30,20.736842105263158
2020-05-01,9.0
2020-05-02,7.90909090909091
2020-05-03,10.090909090909093
2020-05-04,7.90909090909091
2020-05-05,7.90909090909091
2020-05-06,9.0
2020-05-07,14.454545454545457
2020-05-08,19.545454545454547
2020-05-09,13.0
2020-05-10,23.181818181818183
2020-05-11,28.63636363636364
2020-05-12,16.272727272727273
2020-05-13,13.363636363636363
2020-05-14,12.636363636363637
2020-05-15,9.363636363636363
2020-05-16,8.272727272727273
2020-05-17,8.636363636363637
2020-05-18,8.272727272727273
2020-05-19,6.81818181818182
2020-05-20,7.545454545454547
2020-05-21,9.727272727272727
2020-05-22,6.81818181818182
2020-05-23,6.090909090909092
2020-05-24,5.727272727272728
2020-05-25,7.545454545454547
2020-05-26,5.727272727272728
2020-05-27,5.363636363636365
2020-05-28,5.363636363636365
2020-05-29,6.090909090909092
2020-05-30,4.272727272727273
2020-05-31,5.000000000000002
2020-06-01,10.0
2020-06-02,6.875
2020-06-03,9.5
2020-06-04,8.875
2020-06-05,9.625
2020-06-06,10.5
2020-06-07,9.875
2020-06-08,10.625
2020-06-09,10.375
2020-06-10,9.75
2020-06-11,8.75
2020-06-12,9.875
2020-06-13,11.0
2020-06-14,11.125
2020-06-15,9.875
2020-06-16,9.625
2020-06-17,11.375
2020-06-18,10.625
2020-06-19,11.125
2020-06-20,11.5
2020-06-21,11.5
2020-06-22,10.5
2020-06-23,10.0
2020-06-24,11.25
2020-06-25,11.0
2020-06-26,10.625
2020-06-27,11.0
2020-06-28,10.5
2020-06-29,10.5
2020-06-30,11.0
2020-07-01,11.0
2020-07-02,11.029411764705882
2020-07-03,10.911764705882353
2020-07-04,10.911764705882353
2020-07-05,10.941176470588236
2020-07-06,11.058823529411764
2020-07-07,11.0
2020-07-08,11.176470588235293
2020-07-09,11.117647058823529
2020-07-10,11.058823529411764
2020-07-11,10.882352941176471
2020-07-12,10.911764705882353
2020-07-13,11.117647058823529
2020-07-14,11.088235294117647
2020-07-15,11.470588235294118
2020-07-16,11.735294117647058
2020-07-17,11.26470588235294
2020-07-18,11.088235294117647
2020-07-19,10.911764705882353
2020-07-20,10.911764705882353
2020-07-21,11.029411764705882
2020-07-22,11.058823529411764
2020-07-23,11.235294117647058
2020-07-24,11.323529411764705
2020-07-25,11.205882352941176
2020-07-26,11.294117647058822
2020-07-27,12.5
2020-07-28,12.558823529411764
2020-07-29,11.882352941176471
2020-07-30,11.617647058823529
2020-07-31,11.794117647058822
2020-08-01,8.0
2020-08-02,9.064516129032258
2020-08-03,7.129032258064516
2020-08-04,6.258064516129032
2020-08-05,7.516129032258064
2020-08-06,7.032258064516128
2020-08-07,6.741935483870967
2020-08-08,6.064516129032257
2020-08-09,5.96774193548387
2020-08-10,6.935483870967741
2020-08-11,6.354838709677419
2020-08-12,5.387096774193548
2020-08-13,6.064516129032257
2020-08-14,6.451612903225806
2020-08-15,5.774193548387096
2020-08-16,5.96774193548387
2020-08-17,6.838709677419354
2020-08-18,6.741935483870967
2020-08-19,6.064516129032257
2020-08-20,5.870967741935483
2020-08-21,5.290322580645161
2020-08-22,5.290322580645161
2020-08-23,4.612903225806451
2020-08-24,4.612903225806451
2020-08-25,4.999999999999999
2020-08-26,5.774193548387096
2020-08-27,4.709677419354838
2020-08-28,4.612903225806451
2020-08-29,3.741935483870967
2020-08-30,4.32258064516129
2020-08-31,4.806451612903225
2020-09-01,9.0
2020-09-02,8.736842105263158
2020-09-03,8.578947368421051
2020-09-04,8.473684210526315
2020-09-05,8.68421052631579
2020-09-06,8.842105263157894
2020-09-07,9.0
2020-09-08,9.0
2020-09-09,9.473684210526315
2020-09-10,9.578947368421051
2020-09-11,9.947368421052632
2020-09-12,10.052631578947368
2020-09-13,9.842105263157894
2020-09-14,9.842105263157894
2020-09-15,9.473684210526315
2020-09-16,9.631578947368421
2020-09-17,9.736842105263158
2020-09-18,9.789473684210526
2020-09-19,10.052631578947368
2020-09-20,10.210526315789473
2020-09-21,9.578947368421051
2020-09-22,9.894736842105264
2020-09-23,9.894736842105264
2020-09-24,10.263157894736842
2020-09-25,10.052631578947368
2020-09-26,10.263157894736842
2020-09-27,10.526315789473685
2020-09-28,10.052631578947368
2020-09-29,10.157894736842106
2020-09-30,10.368421052631579
2020-10-01,17.0
2020-10-02,16.384615384615387
2020-10-03,16.07692307692308
2020-10-04,14.846153846153847
2020-10-05,16.692307692307693
2020-10-06,15.76923076923077
2020-10-07,15.461538461538462
2020-10-08,18.230769230769234
2020-10-09,18.846153846153847
2020-10-10,19.46153846153846
2020-10-11,17.307692307692307
2020-10-12,19.769230769230774
2020-10-13,18.53846153846154
2020-10-14,18.230769230769234
2020-10-15,18.846153846153847
2020-10-16,18.230769230769234
2020-10-17,17.0
2020-10-18,17.0
2020-10-19,19.153846153846153
2020-10-20,21.923076923076927
2020-10-21,33.0
2020-10-22,33.30769230769231
2020-10-23,28.07692307692308
2020-10-24,24.07692307692308
2020-10-25,23.769230769230774
2020-10-26,24.07692307692308
2020-10-27,32.38461538461539
2020-10-28,29.923076923076927
2020-10-29,26.230769230769234
2020-10-30,23.46153846153846
2020-10-31,28.692307692307693
2020-11-01,25.0
2020-11-02,24.857142857142854
2020-11-03,24.857142857142854
2020-11-04,23.428571428571427
2020-11-05,25.857142857142854
2020-11-06,27.142857142857142
2020-11-07,25.428571428571427
2020-11-08,25.428571428571427
2020-11-09,26.0
2020-11-10,25.285714285714285
2020-11-11,25.428571428571427
2020-11-12,26.142857142857142
2020-11-13,26.857142857142854
2020-11-14,26.0
2020-11-15,25.0
2020-11-16,26.57142857142857
2020-11-17,31.428571428571427
2020-11-18,33.57142857142857
2020-11-19,29.714285714285715
2020-11-20,29.857142857142854
2020-11-21,30.0
2020-11-22,28.14285714285714
2020-11-23,28.857142857142854
2020-11-24,33.14285714285714
2020-11-25,31.428571428571427
2020-11-26,33.57142857142857
2020-11-27,30.0
2020-11-28,27.857142857142854
2020-11-29,27.285714285714285
2020-11-30,32.0
2020-12-01,49.0
2020-12-02,18.454545454545467
2020-12-03,16.27272727272728
2020-12-04,14.090909090909093
2020-12-05,1.0000000000000142
2020-12-06,1.0000000000000142
2020-12-07,3.181818181818187
2020-12-08,1.0000000000000142
2020-12-09,1.0000000000000142
2020-12-10,0.0
2020-12-11,0.0
2020-12-12,0.0
2020-12-13,0.0
2020-12-14,0.0
2020-12-15,0.0
2020-12-16,70.81818181818181
2020-12-17,153.72727272727272
2020-12-18,81.72727272727272
2020-12-19,53.363636363636374
2020-12-20,42.45454545454547
2020-12-21,55.54545454545455
2020-12-22,44.63636363636364
2020-12-23,33.727272727272734
2020-12-24,18.454545454545467
2020-12-25,16.27272727272728
2020-12-26,83.9090909090909
2020-12-27,116.63636363636363
2020-12-28,92.63636363636363
2020-12-29,75.18181818181819
2020-12-30,92.63636363636363
2020-12-31,99.18181818181819
2021-01-01,0
2021-01-02,0
2021-01-03,0
2021-01-04,0
2021-01-05,0
2021-01-06,0
2021-01-07,0
2021-01-08,0
2021-01-09,0
2021-01-10,0
2021-01-11,0
2021-01-12,0
2021-01-13,0
2021-01-14,0
2021-01-15,0
2021-01-16,0
2021-01-17,0
2021-01-18,0
2021-01-19,0
2021-01-20,0
2021-01-21,0
2021-01-22,0
2021-01-23,0
2021-01-24,0
2021-01-25,0
2021-01-26,0
2021-01-27,0
2021-01-28,0
2021-01-29,0
2021-01-30,0
2021-01-31,0
2021-02-01,35.0
2021-02-02,37.83333333333333
2021-02-03,33.58333333333333
2021-02-04,32.166666666666664
2021-02-05,37.83333333333333
2021-02-06,26.5
2021-02-07,33.58333333333333
2021-02-08,0.0
2021-02-09,0.0
2021-02-10,0.0
2021-02-11,3.8333333333333286
2021-02-12,5.25
2021-02-13,19.416666666666657
2021-02-14,18.0
2021-02-15,12.333333333333329
2021-02-16,5.25
2021-02-17,0.0
2021-02-18,2.416666666666657
2021-02-19,0.0
2021-02-20,0.0
2021-02-21,0.0
2021-02-22,0.0
2021-02-23,0.0
2021-02-24,0.0
2021-02-25,8.083333333333329
2021-02-26,5.25
2021-02-27,25.08333333333333
2021-02-28,19.416666666666657
2021-03-01,37.0
2021-03-02,34.5
2021-03-03,32.5
2021-03-04,33.5
2021-03-05,33.5
2021-03-06,30.0
2021-03-07,29.75
2021-03-08,32.75
2021-03-09,35.25
2021-03-10,35.5
2021-03-11,33.5
2021-03-12,33.25
2021-03-13,37.5
2021-03-14,36.5
2021-03-15,35.25
2021-03-16,34.75
2021-03-17,33.0
2021-03-18,33.25
2021-03-19,31.5
2021-03-20,29.25
2021-03-21,28.75
2021-03-22,30.75
2021-03-23,31.0
2021-03-24,32.75
2021-03-25,34.75
2021-03-26,31.75
2021-03-27,29.0
2021-03-28,27.75
2021-03-29,30.25
2021-03-30,31.75
2021-03-31,30.75
2021-04-01,45.0
2021-04-02,51.75
2021-04-03,53.0
2021-04-04,55.75
2021-04-05,53.75
2021-04-06,53.25
2021-04-07,53.5
2021-04-08,53.75
2021-04-09,55.0
2021-04-10,53.75
2021-04-11,53.75
2021-04-12,52.75
2021-04-13,47.75
2021-04-14,43.25
2021-04-15,48.5
2021-04-16,44.0
2021-04-17,49.25
2021-04-18,40.25
2021-04-19,43.0
2021-04-20,46.0
2021-04-21,49.75
2021-04-22,48.25
2021-04-23,41.0
2021-04-24,47.75
2021-04-25,49.25
2021-04-26,47.0
2021-04-27,48.75
2021-04-28,50.5
2021-04-29,52.25
2021-04-30,53.0
2021-05-01,32.0
2021-05-02,45.0
2021-05-03,12.5
2021-05-04,0.0
2021-05-05,0.0
2021-05-06,6.0
2021-05-07,19.0
2021-05-08,19.0
2021-05-09,6.0
2021-05-10,0.0
2021-05-11,12.5
2021-05-12,0.0
2021-05-13,0.0
2021-05-14,0.0
2021-05-15,0.0
2021-05-16,0.0
2021-05-17,0.0
2021-05-18,0.0
2021-05-19,0.0
2021-05-20,0.0
2021-05-21,0.0
2021-05-22,0.0
2021-05-23,0.0
2021-05-24,0.0
2021-05-25,0.0
2021-05-26,0.0
2021-05-27,0.0
2021-05-28,0.0
2021-05-29,0.0
2021-05-30,6.0
2021-05-31,0.0
2021-06-01,24.0
2021-06-02,23.6
2021-06-03,22.0
2021-06-04,28.0
2021-06-05,24.400000000000002
2021-06-06,25.200000000000003
2021-06-07,27.200000000000003
2021-06-08,38.400000000000006
2021-06-09,33.2
2021-06-10,28.400000000000002
2021-06-11,24.400000000000002
2021-06-12,20.0
2021-06-13,20.0
2021-06-14,27.6
2021-06-15,22.8
2021-06-16,20.400000000000002
2021-06-17,20.0
2021-06-18,20.0
2021-06-19,15.200000000000001
2021-06-20,16.8
2021-06-21,29.6
2021-06-22,40.0
2021-06-23,26.8
2021-06-24,22.8
2021-06-25,21.6
2021-06-26,20.0
2021-06-27,18.8
2021-06-28,21.6
2021-06-29,19.6
2021-06-30,17.2
2021-07-01,0
2021-07-02,0
2021-07-03,0
2021-07-04,0
2021-07-05,0
2021-07-06,0
2021-07-07,0
2021-07-08,0
2021-07-09,0
2021-07-10,0
2021-07-11,0
2021-07-12,0
2021-07-13,0
2021-07-14,0
2021-07-15,0
2021-07-16,0
2021-07-17,0
2021-07-18,0
2021-07-19,0
2021-07-20,0
2021-07-21,0
2021-07-22,0
2021-07-23,0
2021-07-24,0
2021-07-25,0
2021-07-26,0
2021-07-27,0
2021-07-28,0
2021-07-29,0
2021-07-30,0
2021-07-31,0
2021-08-01,21.0
2021-08-02,20.85
2021-08-03,20.65
2021-08-04,20.55
2021-08-05,20.65
2021-08-06,21.15
2021-08-07,21.1
2021-08-08,21.0
2021-08-09,21.95
2021-08-10,21.8
2021-08-11,21.95
2021-08-12,21.25
2021-08-13,21.2
2021-08-14,20.9
2021-08-15,20.6
2021-08-16,20.9
2021-08-17,20.8
2021-08-18,20.25
2021-08-19,20.35
2021-08-20,20.75
2021-08-21,20.7
2021-08-22,20.35
2021-08-23,21.6
2021-08-24,21.1
2021-08-25,20.25
2021-08-26,20.6
2021-08-27,20.45
2021-08-28,20.05
2021-08-29,20.05
2021-08-30,20.05
2021-08-31,20.4
2021-09-01,27.0
2021-09-02,30.818181818181817
2021-09-03,31.363636363636363
2021-09-04,31.90909090909091
2021-09-05,29.727272727272727
2021-09-06,35.72727272727273
2021-09-07,59.72727272727272
2021-09-08,51.0
2021-09-09,37.36363636363636
2021-09-10,34.09090909090909
2021-09-11,29.727272727272727
2021-09-12,27.0
2021-09-13,29.727272727272727
2021-09-14,28.636363636363637
2021-09-15,30.818181818181817
2021-09-16,29.181818181818183
2021-09-17,27.545454545454547
2021-09-18,27.545454545454547
2021-09-19,24.272727272727273
2021-09-20,40.09090909090909
2021-09-21,40.09090909090909
2021-09-22,34.09090909090909
2021-09-23,29.727272727272727
2021-09-24,46.63636363636364
2021-09-25,33.54545454545455
2021-09-26,28.09090909090909
2021-09-27,29.181818181818183
2021-09-28,29.181818181818183
2021-09-29,27.0
2021-09-30,27.545454545454547
2021-10-01,25.0
2021-10-02,27.0
2021-10-03,27.285714285714285
2021-10-04,25.857142857142854
2021-10-05,23.0
2021-10-06,18.71428571428571
2021-10-07,21.857142857142854
2021-10-08,24.142857142857142
2021-10-09,25.57142857142857
2021-10-10,25.57142857142857
2021-10-11,21.285714285714285
2021-10-12,22.714285714285715
2021-10-13,24.428571428571427
2021-10-14,23.0
2021-10-15,13.57142857142857
2021-10-16,17.57142857142857
2021-10-17,22.142857142857142
2021-10-18,17.285714285714285
2021-10-19,12.714285714285715
2021-10-20,9.0
2021-10-21,11.285714285714285
2021-10-22,16.71428571428571
2021-10-23,22.714285714285715
2021-10-24,24.142857142857142
2021-10-25,18.428571428571427
2021-10-26,11.57142857142857
2021-10-27,14.714285714285715
2021-10-28,17.857142857142858
2021-10-29,19.0
2021-10-30,23.285714285714285
2021-10-31,25.57142857142857
2021-11-01,24.0
2021-11-02,29.0
2021-11-03,26.0
2021-11-04,25.0
2021-11-05,23.5
2021-11-06,19.0
2021-11-07,20.0
2021-11-08,35.5
2021-11-09,41.0
2021-11-10,38.0
2021-11-11,29.5
2021-11-12,28.0
2021-11-13,21.5
2021-11-14,20.5
2021-11-15,27.0
2021-11-16,35.5
2021-11-17,33.0
2021-11-18,34.0
2021-11-19,30.5
2021-11-20,23.0
2021-11-21,22.5
2021-11-22,26.0
2021-11-23,30.5
2021-11-24,26.5
2021-11-25,20.0
2021-11-26,34.0
2021-11-27,23.5
2021-11-28,20.5
2021-11-29,25.5
2021-11-30,28.0
2021-12-01,29.0
2021-12-02,31.77777777777778
2021-12-03,29.555555555555557
2021-12-04,0.0
2021-12-05,12.888888888888893
2021-12-06,15.666666666666664
2021-12-07,21.22222222222222
2021-12-08,26.77777777777778
2021-12-09,27.88888888888889
2021-12-10,26.77777777777778
2021-12-11,31.222222222222225
2021-12-12,32.333333333333336
2021-12-13,23.444444444444446
2021-12-14,21.22222222222222
2021-12-15,23.444444444444446
2021-12-16,27.88888888888889
2021-12-17,29.555555555555557
2021-12-18,31.222222222222225
2021-12-19,34.55555555555556
2021-12-20,30.666666666666668
2021-12-21,29.555555555555557
2021-12-22,30.111111111111114
2021-12-23,31.77777777777778
2021-12-24,30.111111111111114
2021-12-25,31.77777777777778
2021-12-26,33.44444444444444
2021-12-27,30.666666666666668
2021-12-28,29.555555555555557
2021-12-29,31.222222222222225
2021-12-30,31.77777777777778
2021-12-31,34.0
2022-01-01,24.0
2022-01-02,24.0
2022-01-03,22.5
2022-01-04,21.0
2022-01-05,19.5
2022-01-06,12.5
2022-01-07,9.0
2022-01-08,16.0
2022-01-09,17.5
2022-01-10,14.0
2022-01-11,16.0
2022-01-12,19.5
2022-01-13,20.5
2022-01-14,24.0
2022-01-15,23.5
2022-01-16,24.5
2022-01-17,23.5
2022-01-18,22.0
2022-01-19,25.0
2022-01-20,22.5
2022-01-21,1.0
2022-01-22,0.0
2022-01-23,6.5
2022-01-24,0.0
2022-01-25,6.5
2022-01-26,9.5
2022-01-27,11.0
2022-01-28,13.5
2022-01-29,19.0
2022-01-30,21.5
2022-01-31,19.0
2022-02-01,18.999999999999996
2022-02-02,20.111111111111107
2022-02-03,19.83333333333333
2022-02-04,16.777777777777775
2022-02-05,18.722222222222218
2022-02-06,21.77777777777777
2022-02-07,15.94444444444444
2022-02-08,17.05555555555555
2022-02-09,14.833333333333329
2022-02-10,20.944444444444443
2022-02-11,20.388888888888886
2022-02-12,22.33333333333333
2022-02-13,23.444444444444443
2022-02-14,18.722222222222218
2022-02-15,19.277777777777775
2022-02-16,21.499999999999996
2022-02-17,19.55555555555555
2022-02-18,19.277777777777775
2022-02-19,22.611111111111107
2022-02-20,20.666666666666664
2022-02-21,19.55555555555555
2022-02-22,15.666666666666664
2022-02-23,18.166666666666664
2022-02-24,7.611111111111107
2022-02-25,15.388888888888886
2022-02-26,20.111111111111107
2022-02-27,21.499999999999996
2022-02-28,16.499999999999996
2022-03-01,17.0
2022-03-02,16.09090909090909
2022-03-03,15.636363636363635
2022-03-04,15.499999999999998
2022-03-05,14.999999999999998
2022-03-06,14.863636363636363
2022-03-07,15.727272727272727
2022-03-08,15.636363636363635
2022-03-09,16.363636363636363
2022-03-10,16.045454545454543
2022-03-11,15.363636363636363
2022-03-12,14.909090909090908
2022-03-13,14.68181818181818
2022-03-14,15.272727272727272
2022-03-15,14.999999999999998
2022-03-16,15.18181818181818
2022-03-17,15.136363636363635
2022-03-18,15.045454545454543
2022-03-19,14.818181818181817
2022-03-20,14.727272727272727
2022-03-21,14.909090909090908
2022-03-22,15.045454545454543
2022-03-23,14.818181818181817
2022-03-24,15.272727272727272
2022-03-25,15.18181818181818
2022-03-26,14.772727272727272
2022-03-27,15.227272727272727
2022-03-28,15.636363636363635
2022-03-29,15.18181818181818
2022-03-30,15.09090909090909
2022-03-31,14.999999999999998
2022-04-01,24.0
2022-04-02,28.529411764705884
2022-04-03,28.529411764705884
2022-04-04,25.647058823529413
2022-04-05,27.294117647058822
2022-04-06,20.705882352941174
2022-04-07,19.88235294117647
2022-04-08,23.588235294117645
2022-04-09,27.705882352941178
2022-04-10,29.764705882352942
2022-04-11,16.176470588235297
2022-04-12,22.764705882352942
2022-04-13,26.058823529411764
2022-04-14,25.647058823529413
2022-04-15,28.529411764705884
2022-04-16,33.05882352941177
2022-04-17,31.0
2022-04-18,25.647058823529413
2022-04-19,28.941176470588236
2022-04-20,29.764705882352942
2022-04-21,31.41176470588235
2022-04-22,28.529411764705884
2022-04-23,31.41176470588235
2022-04-24,33.470588235294116
2022-04-25,28.11764705882353
2022-04-26,22.352941176470587
2022-04-27,26.058823529411764
2022-04-28,24.411764705882355
2022-04-29,29.764705882352942
2022-04-30,30.58823529411765
2022-05-01,30.0
2022-05-02,31.71428571428571
2022-05-03,30.0
2022-05-04,31.71428571428571
2022-05-05,38.57142857142857
2022-05-06,37.71428571428571
2022-05-07,31.71428571428571
2022-05-08,37.71428571428571
2022-05-09,62.57142857142857
2022-05-10,60.857142857142854
2022-05-11,69.42857142857142
2022-05-12,97.71428571428571
2022-05-13,67.71428571428571
2022-05-14,54.857142857142854
2022-05-15,50.57142857142857
2022-05-16,51.42857142857142
2022-05-17,48.0
2022-05-18,49.714285714285715
2022-05-19,48.857142857142854
2022-05-20,43.71428571428571
2022-05-21,37.71428571428571
2022-05-22,36.0
2022-05-23,42.857142857142854
2022-05-24,41.14285714285714
2022-05-25,36.857142857142854
2022-05-26,38.57142857142857
2022-05-27,36.857142857142854
2022-05-28,34.285714285714285
2022-05-29,31.71428571428571
2022-05-30,34.285714285714285
2022-05-31,36.857142857142854
2022-06-01,21.0
2022-06-02,22.058823529411764
2022-06-03,22.058823529411764
2022-06-04,23.647058823529413
2022-06-05,23.647058823529413
2022-06-06,21.529411764705884
2022-06-07,20.470588235294116
2022-06-08,22.58823529411765
2022-06-09,23.11764705882353
2022-06-10,20.470588235294116
2022-06-11,21.529411764705884
2022-06-12,18.88235294117647
2022-06-13,0.0
2022-06-14,0.0
2022-06-15,0.0
2022-06-16,0.0
2022-06-17,1.941176470588239
2022-06-18,0.0
2022-06-19,0.0
2022-06-20,0.0
2022-06-21,4.5882352941176485
2022-06-22,8.294117647058822
2022-06-23,12.0
2022-06-24,14.647058823529413
2022-06-25,19.411764705882355
2022-06-26,18.88235294117647
2022-06-27,14.117647058823529
2022-06-28,15.705882352941178
2022-06-29,14.117647058823529
2022-06-30,9.882352941176471
2022-07-01,14.0
2022-07-02,11.617021276595745
2022-07-03,10.72340425531915
2022-07-04,10.72340425531915
2022-07-05,12.808510638297872
2022-07-06,11.170212765957446
2022-07-07,10.72340425531915
2022-07-08,10.27659574468085
2022-07-09,7.595744680851064
2022-07-10,7.74468085106383
2022-07-11,10.574468085106382
2022-07-12,10.127659574468085
2022-07-13,10.27659574468085
2022-07-14,10.872340425531915
2022-07-15,8.936170212765957
2022-07-16,7.446808510638297
2022-07-17,7.148936170212766
2022-07-18,9.382978723404255
2022-07-19,9.97872340425532
2022-07-20,12.957446808510637
2022-07-21,12.51063829787234
2022-07-22,9.382978723404255
2022-07-23,7.297872340425531
2022-07-24,5.659574468085106
2022-07-25,8.191489361702127
2022-07-26,8.787234042553191
2022-07-27,7.74468085106383
2022-07-28,8.48936170212766
2022-07-29,7.595744680851064
2022-07-30,6.553191489361702
2022-07-31,6.851063829787234
2022-08-01,14.0
2022-08-02,14.0
2022-08-03,14.0
2022-08-04,14.0
2022-08-05,14.0
2022-08-06,14.0
2022-08-07,14.0
2022-08-08,14.0
2022-08-09,14.0
2022-08-10,14.0
2022-08-11,14.0
2022-08-12,14.0
2022-08-13,14.0
2022-08-14,14.0
2022-08-15,14.0
2022-08-16,14.0
2022-08-17,14.0
2022-08-18,14.0
2022-08-19,14.0
2022-08-20,14.0
2022-08-21,14.0
2022-08-22,14.0
2022-08-23,14.0
2022-08-24,14.0
2022-08-25,14.0
2022-08-26,14.0
2022-08-27,14.0
2022-08-28,14.0
2022-08-29,14.0
2022-08-30,14.0
2022-08-31,14.0
2022-09-01,11.0
2022-09-02,9.799999999999999
2022-09-03,8.0
2022-09-04,7.6
2022-09-05,9.799999999999999
2022-09-06,12.2
2022-09-07,14.399999999999999
2022-09-08,9.6
2022-09-09,12.2
2022-09-10,8.799999999999999
2022-09-11,8.2
2022-09-12,11.8
2022-09-13,12.599999999999998
2022-09-14,12.0
2022-09-15,12.0
2022-09-16,10.399999999999999
2022-09-17,8.6
2022-09-18,8.2
2022-09-19,14.0
2022-09-20,12.599999999999998
2022-09-21,12.599999999999998
2022-09-22,12.0
2022-09-23,12.399999999999999
2022-09-24,8.799999999999999
2022-09-25,8.6
2022-09-26,11.599999999999998
2022-09-27,10.0
2022-09-28,10.2
2022-09-29,8.2
2022-09-30,9.2
2022-10-01,18.0
2022-10-02,18.0
2022-10-03,5.615384615384613
2022-10-04,13.692307692307693
2022-10-05,15.307692307692307
2022-10-06,16.923076923076927
2022-10-07,15.307692307692307
2022-10-08,21.230769230769234
2022-10-09,19.615384615384613
2022-10-10,18.53846153846154
2022-10-11,17.46153846153846
2022-10-12,17.46153846153846
2022-10-13,11.0
2022-10-14,15.307692307692307
2022-10-15,21.230769230769234
2022-10-16,21.769230769230766
2022-10-17,21.230769230769234
2022-10-18,20.692307692307693
2022-10-19,16.923076923076927
2022-10-20,19.07692307692308
2022-10-21,16.923076923076927
2022-10-22,23.384615384615387
2022-10-23,24.46153846153846
2022-10-24,20.153846153846153
2022-10-25,18.53846153846154
2022-10-26,18.0
2022-10-27,15.307692307692307
2022-10-28,21.230769230769234
2022-10-29,22.846153846153847
2022-10-30,23.384615384615387
2022-10-31,21.230769230769234
2022-11-01,13.0
2022-11-02,12.166666666666668
2022-11-03,10.5
2022-11-04,11.75
2022-11-05,10.083333333333334
2022-11-06,10.916666666666668
2022-11-07,10.916666666666668
2022-11-08,4.25
2022-11-09,0.0
2022-11-10,0.0
2022-11-11,0.0
2022-11-12,0.0
2022-11-13,0.0
2022-11-14,0.0
2022-11-15,0.0
2022-11-16,0.0
2022-11-17,0.0
2022-11-18,2.166666666666668
2022-11-19,6.75
2022-11-20,8.0
2022-11-21,0.0
2022-11-22,0.0
2022-11-23,3.833333333333332
2022-11-24,8.416666666666668
2022-11-25,7.583333333333334
2022-11-26,8.833333333333334
2022-11-27,9.666666666666668
2022-11-28,6.75
2022-11-29,8.0
2022-11-30,6.333333333333332
2022-12-01,13.0
2022-12-02,13.0
2022-12-03,13.0
2022-12-04,13.0
2022-12-05,13.0
2022-12-06,13.0
2022-12-07,13.0
2022-12-08,13.0
2022-12-09,13.0
2022-12-10,13.0
2022-12-11,13.0
2022-12-12,13.0
2022-12-13,13.0
2022-12-14,13.0
2022-12-15,13.0
2022-12-16,13.0
2022-12-17,13.0
2022-12-18,13.0
2022-12-19,13.0
2022-12-20,13.0
2022-12-21,13.0
2022-12-22,13.0
2022-12-23,13.0
2022-12-24,13.0
2022-12-25,13.0
2022-12-26,13.0
2022-12-27,13.0
2022-12-28,13.0
2022-12-29,13.0
2022-12-30,13.0
2022-12-31,13.0
2023-01-01,12.0
2023-01-02,11.549999999999999
2023-01-03,11.45
2023-01-04,11.5
2023-01-05,11.649999999999999
2023-01-06,11.75
2023-01-07,12.049999999999999
2023-01-08,12.299999999999999
2023-01-09,11.7
2023-01-10,11.7
2023-01-11,11.7
2023-01-12,11.1
2023-01-13,11.1
2023-01-14,10.1
2023-01-15,11.1
2023-01-16,10.55
2023-01-17,10.6
2023-01-18,10.85
2023-01-19,11.299999999999999
2023-01-20,11.149999999999999
2023-01-21,10.7
2023-01-22,11.25
2023-01-23,11.05
2023-01-24,11.25
2023-01-25,11.2
2023-01-26,11.25
2023-01-27,11.549999999999999
2023-01-28,11.7
2023-01-29,11.649999999999999
2023-01-30,11.45
2023-01-31,11.35
2023-02-01,15.0
2023-02-02,15.130434782608695
2023-02-03,16.434782608695652
2023-02-04,17.608695652173914
2023-02-05,17.608695652173914
2023-02-06,16.434782608695652
2023-02-07,17.217391304347828
2023-02-08,17.608695652173914
2023-02-09,16.826086956521742
2023-02-10,16.695652173913043
2023-02-11,18.391304347826086
2023-02-12,18.652173913043477
2023-02-13,18.391304347826086
2023-02-14,17.869565217391305
2023-02-15,16.826086956521742
2023-02-16,13.956521739130435
2023-02-17,14.869565217391305
2023-02-18,17.086956521739133
2023-02-19,17.869565217391305
2023-02-20,15.391304347826088
2023-02-21,15.391304347826088
2023-02-22,17.217391304347828
2023-02-23,17.347826086956523
2023-02-24,17.217391304347828
2023-02-25,18.652173913043477
2023-02-26,18.782608695652172
2023-02-27,17.869565217391305
2023-02-28,18.0
2023-03-01,14.0
2023-03-02,14.181818181818182
2023-03-03,13.545454545454545
2023-03-04,14.181818181818182
2023-03-05,14.454545454545453
2023-03-06,13.727272727272727
2023-03-07,13.727272727272727
2023-03-08,13.818181818181817
2023-03-09,13.363636363636363
2023-03-10,12.181818181818182
2023-03-11,12.909090909090908
2023-03-12,12.909090909090908
2023-03-13,9.454545454545453
2023-03-14,9.272727272727272
2023-03-15,11.545454545454545
2023-03-16,12.636363636363637
2023-03-17,11.454545454545453
2023-03-18,11.454545454545453
2023-03-19,10.818181818181817
2023-03-20,9.454545454545453
2023-03-21,10.454545454545453
2023-03-22,10.727272727272727
2023-03-23,10.818181818181817
2023-03-24,11.636363636363637
2023-03-25,13.181818181818182
2023-03-26,13.181818181818182
2023-03-27,12.545454545454545
2023-03-28,12.09090909090909
2023-03-29,11.363636363636363
2023-03-30,12.636363636363637
2023-03-31,12.818181818181817
2023-04-01,0
2023-04-02,0
2023-04-03,0
2023-04-04,0
2023-04-05,0
2023-04-06,0
2023-04-07,0
2023-04-08,0
2023-04-09,0
2023-04-10,0
2023-04-11,0
2023-04-12,0
2023-04-13,0
2023-04-14,0
2023-04-15,0
2023-04-16,0
2023-04-17,0
2023-04-18,0
2023-04-19,0
2023-04-20,0
2023-04-21,0
2023-04-22,0
2023-04-23,0
2023-04-24,0
2023-04-25,0
2023-04-26,0
2023-04-27,0
2023-04-28,0
2023-04-29,0
2023-04-30,0
2023-05-01,12.0
2023-05-02,12.176470588235293
2023-05-03,12.058823529411764
2023-05-04,11.411764705882351
2023-05-05,12.76470588235294
2023-05-06,12.705882352941176
2023-05-07,12.823529411764705
2023-05-08,11.823529411764705
2023-05-09,12.588235294117645
2023-05-10,12.470588235294116
2023-05-11,12.470588235294116
2023-05-12,12.411764705882351
2023-05-13,12.941176470588236
2023-05-14,13.058823529411764
2023-05-15,12.705882352941176
2023-05-16,12.64705882352941
2023-05-17,12.76470588235294
2023-05-18,12.52941176470588
2023-05-19,12.941176470588236
2023-05-20,12.823529411764705
2023-05-21,13.294117647058822
2023-05-22,12.352941176470587
2023-05-23,12.411764705882351
2023-05-24,12.88235294117647
2023-05-25,12.88235294117647
2023-05-26,12.88235294117647
2023-05-27,13.588235294117645
2023-05-28,13.352941176470587
2023-05-29,12.88235294117647
2023-05-30,12.588235294117645
2023-05-31,12.823529411764705
2023-06-01,10.999999999999998
2023-06-02,11.333333333333332
2023-06-03,12.499999999999998
2023-06-04,12.333333333333332
2023-06-05,9.499999999999998
2023-06-06,9.333333333333332
2023-06-07,10.333333333333332
2023-06-08,9.166666666666664
2023-06-09,10.999999999999998
2023-06-10,9.833333333333332
2023-06-11,11.166666666666664
2023-06-12,10.666666666666664
2023-06-13,9.999999999999998
2023-06-14,10.999999999999998
2023-06-15,9.333333333333332
2023-06-16,10.333333333333332
2023-06-17,11.666666666666664
2023-06-18,11.999999999999998
2023-06-19,10.499999999999998
2023-06-20,9.333333333333332
2023-06-21,4.5
2023-06-22,6.499999999999998
2023-06-23,7.999999999999998
2023-06-24,8.666666666666664
2023-06-25,8.166666666666664
2023-06-26,8.166666666666664
2023-06-27,9.666666666666664
2023-06-28,9.833333333333332
2023-06-29,9.666666666666664
2023-06-30,8.166666666666664
2023-07-01,11.0
2023-07-02,11.0
2023-07-03,11.0
2023-07-04,11.0
2023-07-05,11.0
2023-07-06,11.0
2023-07-07,11.0
2023-07-08,11.0
2023-07-09,11.0
2023-07-10,11.0
2023-07-11,11.0
2023-07-12,11.0
2023-07-13,11.0
2023-07-14,11.0
2023-07-15,11.0
2023-07-16,11.0
2023-07-17,11.0
2023-07-18,11.0
2023-07-19,11.0
2023-07-20,11.0
2023-07-21,11.0
2023-07-22,11.0
2023-07-23,11.0
2023-07-24,11.0
2023-07-25,11.0
2023-07-26,11.0
2023-07-27,11.0
2023-07-28,11.0
2023-07-29,11.0
2023-07-30,11.0
2023-07-31,11.0
2023-08-01,9.0
2023-08-02,12.0
2023-08-03,16.0
2023-08-04,10.0
2023-08-05,3.0
2023-08-06,2.0
2023-08-07,9.0
2023-08-08,12.0
2023-08-09,7.0
2023-08-10,5.0
2023-08-11,6.0
2023-08-12,0.0
2023-08-13,0.0
2023-08-14,4.0
2023-08-15,5.0
2023-08-16,4.0
2023-08-17,22.0
2023-08-18,46.0
2023-08-19,12.0
2023-08-20,12.0
2023-08-21,15.0
2023-08-22,24.0
2023-08-23,12.0
2023-08-24,13.0
2023-08-25,10.0
2023-08-26,1.0
2023-08-27,3.0
2023-08-28,11.0
2023-08-29,23.0
2023-08-30,13.0
2023-08-31,10.0
2023-09-01,10.999999999999998
2023-09-02,11.470588235294116
2023-09-03,11.588235294117645
2023-09-04,11.235294117647056
2023-09-05,11.117647058823527
2023-09-06,11.588235294117645
2023-09-07,9.941176470588234
2023-09-08,12.058823529411763
2023-09-09,12.41176470588235
2023-09-10,13.235294117647056
2023-09-11,10.764705882352938
2023-09-12,10.764705882352938
2023-09-13,11.352941176470585
2023-09-14,12.058823529411763
2023-09-15,12.176470588235292
2023-09-16,12.764705882352938
2023-09-17,13.705882352941174
2023-09-18,11.705882352941174
2023-09-19,11.588235294117645
2023-09-20,12.058823529411763
2023-09-21,12.176470588235292
2023-09-22,12.176470588235292
2023-09-23,14.058823529411763
2023-09-24,14.176470588235292
2023-09-25,12.764705882352938
2023-09-26,12.52941176470588
2023-09-27,11.941176470588234
2023-09-28,12.41176470588235
2023-09-29,12.64705882352941
2023-09-30,13.235294117647056
2023-10-01,13.0
2023-10-02,13.947368421052632
2023-10-03,13.842105263157894
2023-10-04,13.421052631578947
2023-10-05,13.421052631578947
2023-10-06,13.421052631578947
2023-10-07,13.0
2023-10-08,12.894736842105264
2023-10-09,13.421052631578947
2023-10-10,13.526315789473685
2023-10-11,13.421052631578947
2023-10-12,13.31578947368421
2023-10-13,13.421052631578947
2023-10-14,13.105263157894736
2023-10-15,13.105263157894736
2023-10-16,14.578947368421053
2023-10-17,14.052631578947368
2023-10-18,14.052631578947368
2023-10-19,14.052631578947368
2023-10-20,14.473684210526315
2023-10-21,14.157894736842106
2023-10-22,13.842105263157894
2023-10-23,15.947368421052632
2023-10-24,20.473684210526315
2023-10-25,17.105263157894736
2023-10-26,15.631578947368421
2023-10-27,14.68421052631579
2023-10-28,13.631578947368421
2023-10-29,14.157894736842106
2023-10-30,14.68421052631579
2023-10-31,14.368421052631579
2023-11-01,16.0
2023-11-02,34.0
2023-11-03,4.0
2023-11-04,0.0
2023-11-05,0.0
2023-11-06,0.0
2023-11-07,7.0
2023-11-08,28.0
2023-11-09,97.0
2023-11-10,58.0
2023-11-11,1.0
2023-11-12,0.0
2023-11-13,0.0
2023-11-14,16.0
2023-11-15,37.0
2023-11-16,28.0
2023-11-17,0.0
2023-11-18,0.0
2023-11-19,0.0
2023-11-20,7.0
2023-11-21,10.0
2023-11-22,34.0
2023-11-23,0.0
2023-11-24,4.0
2023-11-25,0.0
2023-11-26,0.0
2023-11-27,0.0
2023-11-28,0.0
2023-11-29,1.0
2023-11-30,0.0
2023-12-01,19.0
2023-12-02,25.0
2023-12-03,19.0
2023-12-04,0.0
2023-12-05,0.0
2023-12-06,0.0
2023-12-07,0.0
2023-12-08,0.0
2023-12-09,8.5
2023-12-10,19.0
2023-12-11,0.0
2023-12-12,13.0
2023-12-13,13.0
2023-12-14,11.5
2023-12-15,20.5
2023-12-16,19.0
2023-12-17,25.0
2023-12-18,19.0
2023-12-19,11.5
2023-12-20,2.5
2023-12-21,7.0
2023-12-22,7.0
2023-12-23,19.0
2023-12-24,14.5
2023-12-25,20.5
2023-12-26,7.0
2023-12-27,11.5
2023-12-28,11.5
2023-12-29,16.0
2023-12-30,22.0
2023-12-31,31.0
2024-01-01,18.0
2024-01-02,23.666666666666664
2024-01-03,24.333333333333336
2024-01-04,21.0
2024-01-05,21.666666666666664
2024-01-06,19.333333333333336
2024-01-07,18.666666666666664
2024-01-08,24.666666666666664
2024-01-09,28.333333333333336
2024-01-10,39.0
2024-01-11,42.666666666666664
2024-01-12,29.666666666666664
2024-01-13,21.333333333333336
2024-01-14,19.666666666666664
2024-01-15,19.333333333333336
2024-01-16,20.0
2024-01-17,20.0
2024-01-18,19.333333333333336
2024-01-19,20.0
2024-01-20,17.666666666666664
2024-01-21,16.666666666666668
2024-01-22,19.666666666666664
2024-01-23,19.333333333333336
2024-01-24,19.0
2024-01-25,18.0
2024-01-26,18.333333333333336
2024-01-27,16.666666666666668
2024-01-28,16.666666666666668
2024-01-29,17.0
2024-01-30,18.0
2024-01-31,16.666666666666668
2024-02-01,28.0
2024-02-02,28.0
2024-02-03,28.0
2024-02-04,27.76190476190476
2024-02-05,27.523809523809522
2024-02-06,28.0
2024-02-07,28.476190476190474
2024-02-08,29.19047619047619
2024-02-09,30.619047619047617
2024-02-10,29.428571428571427
2024-02-11,29.428571428571427
2024-02-12,31.333333333333332
2024-02-13,33.0
2024-02-14,32.285714285714285
2024-02-15,33.71428571428571
2024-02-16,31.333333333333332
2024-02-17,29.19047619047619
2024-02-18,30.857142857142854
2024-02-19,29.904761904761905
2024-02-20,30.38095238095238
2024-02-21,29.904761904761905
2024-02-22,29.666666666666664
2024-02-23,29.904761904761905
2024-02-24,28.71428571428571
2024-02-25,29.19047619047619
2024-02-26,30.857142857142854
2024-02-27,38.0
2024-02-28,46.09523809523809
2024-02-29,43.95238095238095
2024-03-01,20.0
2024-03-02,13.777777777777779
2024-03-03,14.222222222222225
2024-03-04,32.0
2024-03-05,39.55555555555556
2024-03-06,26.666666666666668
2024-03-07,20.0
2024-03-08,21.77777777777778
2024-03-09,16.444444444444446
2024-03-10,16.444444444444446
2024-03-11,30.66666666666667
2024-03-12,25.77777777777778
2024-03-13,24.88888888888889
2024-03-14,20.444444444444446
2024-03-15,20.88888888888889
2024-03-16,13.777777777777779
2024-03-17,14.222222222222225
2024-03-18,15.555555555555557
2024-03-19,18.666666666666668
2024-03-20,18.222222222222225
2024-03-21,14.666666666666668
2024-03-22,11.111111111111114
2024-03-23,8.888888888888891
2024-03-24,9.333333333333336
2024-03-25,15.111111111111114
2024-03-26,13.777777777777779
2024-03-27,12.000000000000004
2024-03-28,12.888888888888893
2024-03-29,10.66666666666667
2024-03-30,8.444444444444446
2024-03-31,8.888888888888891
2024-04-01,15.0
2024-04-02,9.166666666666671
2024-04-03,18.333333333333336
2024-04-04,21.66666666666667
2024-04-05,25.0
2024-04-06,28.333333333333336
2024-04-07,28.333333333333336
2024-04-08,15.0
2024-04-09,16.66666666666667
2024-04-10,17.5
2024-04-11,21.66666666666667
2024-04-12,12.5
2024-04-13,13.333333333333336
2024-04-14,6.666666666666671
2024-04-15,7.5
2024-04-16,10.0
2024-04-17,5.0
2024-04-18,4.166666666666671
2024-04-19,0.0
2024-04-20,0.0
2024-04-21,18.333333333333336
2024-04-22,14.166666666666671
2024-04-23,21.66666666666667
2024-04-24,25.833333333333336
2024-04-25,27.5
2024-04-26,27.5
2024-04-27,30.833333333333336
2024-04-28,32.5
2024-04-29,26.66666666666667
2024-04-30,19.16666666666667
